,age-group,better-ideas-with-inspirations,fulltext-feedback,gender,inspirations-were-distracting,inspirations-were-diverse,request-timing,satisfied-with-inspirations,session1_brainstormingSessionId,session1_ideatorType,session1_numberOfRequests,session1_numberOfSessionBlurred,session1_numberOfSubmits,session2_brainstormingSessionId,session2_condition,session2_numberOfRequests,session2_numberOfSessionBlurred,session2_numberOfSubmits,tlx-effort,tlx-frustration,tlx-mental,tlx-performance,tlx-temporal,novelty_max,value_max,novelty_min,value_min,novelty_mean,value_mean
0,18 - 24 years old,1.0,,m,5.0,2.0,before|in-the-middle,1.0,89,SEEKER,18,3,8,90,baseline,0.0,8.0,15.0,5.0,1.0,5.0,3.0,4.0,0.666081983413741,0.905223521476017,-0.9626650201807231,-1.224282924016836,-0.03439353113060054,-0.2203152450140682
1,25 - 34 years old,4.0,,m,5.0,3.0,out-of-ideas|before,3.0,96,SEEKER,9,2,3,98,on-demand,13.0,1.0,4.0,7.0,6.0,6.0,6.0,1.0,0.9835901514803571,-0.395849435493202,-0.6634529828780621,-1.451714067229604,-0.06007224124695275,-0.8487636267209527
2,55 - 64 years old,2.0,"If it was more of a chat with several people, maybe they would have thought of more things by hearing the other ideas.",unknown,5.0,3.0,before,1.0,92,AVOIDER,0,0,5,94,on-demand,0.0,0.0,9.0,5.0,1.0,5.0,2.0,2.0,0.7915596795586001,1.009439331127233,-1.077894692760966,-0.574358397895111,-0.10685141764138047,0.24302512434007373
3,25 - 34 years old,1.0,"Awesome HIT! Really it was great, and the fact that you offered a bonus for longer versions of the HIT were cool. It would be nice if you could add a worker's total earnings based on the version they took to the final page, to confirm the bonus (it adds to peace of mind). Thank you!",m,5.0,1.0,out-of-ideas|before|in-the-middle,1.0,103,SEEKER,10,0,6,104,on-idle,6.0,2.0,10.0,7.0,1.0,4.0,1.0,1.0,1.018802664706196,1.007887202802159,-0.6486030897777281,-0.0040645158828070006,0.2658934235871047,0.5298975186384116
4,25 - 34 years old,2.0,,m,5.0,1.0,out-of-ideas,1.0,93,AVOIDER,0,2,3,95,on-idle,26.0,0.0,2.0,7.0,4.0,7.0,4.0,4.0,-0.26145605422323503,0.39260214866805704,-0.5711745115619691,-0.458931881879012,-0.41631528289260206,-0.03316486660547749
5,25 - 34 years old,3.0,"It seems odd to pay less for the 2nd part. You pay $4 for 10 minutes of idea generation, but then only $3 for 15 minutes of it if you get accepted for the 2nd task. Not exactly going to make people motivated when they know they are now working for less than they did in the first task. If anything, it should pay more per minute of work in the 2nd task, but at the very least pay the same minute rate.",m,3.0,3.0,did-not,3.0,99,AVOIDER,0,0,14,100,baseline,0.0,0.0,24.0,4.0,2.0,5.0,2.0,3.0,1.2679177035292741,1.197149022345203,-1.290609364062838,-1.040959424679366,0.1964214717437227,0.063553344361392
6,25 - 34 years old,4.0,"I'd say i felt discouraged and insecure, not annoyed though.it was a fun task! i just wish i was more creative",f,1.0,3.0,in-the-middle,5.0,11,AVOIDER,1,0,4,12,baseline,0.0,0.0,5.0,7.0,7.0,7.0,7.0,3.0,0.287178761745756,-0.034464092250504,-1.616322083878758,-1.2227456271888721,-0.6173522650946334,-0.526653776773751
7,25 - 34 years old,2.0,"Thank you, I enjoyed this task :)",unknown,5.0,2.0,before|in-the-middle,1.0,106,UNDETERMINED,5,0,8,,,,,,7.0,3.0,5.0,2.0,3.0,,,,,,
8,25 - 34 years old,1.0,,f,5.0,2.0,out-of-ideas|in-the-middle,1.0,107,UNDETERMINED,5,0,10,,,,,,5.0,1.0,4.0,2.0,3.0,,,,,,
9,25 - 34 years old,2.0,none,m,5.0,2.0,before,1.0,108,SEEKER,8,1,6,109,baseline,0.0,2.0,8.0,7.0,4.0,5.0,6.0,1.0,0.9485402018003921,0.9962311391254601,-0.17325062077674103,-0.18924273705775202,0.19245321337931853,0.1691112203597925
10,35 - 44 years old,3.0,,m,2.0,2.0,in-the-middle,3.0,110,UNDETERMINED,5,0,6,,,,,,5.0,6.0,6.0,5.0,5.0,,,,,,
11,35 - 44 years old,2.0,"none, it was a good task. I liked doing some thinking instead of just clicking bubbles.",f,5.0,1.0,out-of-ideas,1.0,135,SEEKER,9,0,9,136,baseline,0.0,0.0,13.0,7.0,2.0,6.0,2.0,1.0,0.9844525023757901,0.8859861771697981,-0.335599349314118,-0.50277622558796,0.3961100658030849,0.16525600346759634
12,25 - 34 years old,1.0,,unknown,5.0,1.0,out-of-ideas,1.0,129,UNDETERMINED,3,0,7,,,,,,5.0,4.0,5.0,6.0,4.0,,,,,,
13,35 - 44 years old,2.0,"No issues, fun study!",m,5.0,1.0,out-of-ideas|in-the-middle,1.0,131,SEEKER,15,2,5,133,on-demand,15.0,1.0,4.0,6.0,1.0,6.0,1.0,2.0,0.214793949109185,0.319184016504351,-0.189252663433175,-0.40823649490603703,-0.002712128092004752,-0.0012319442245037476
14,35 - 44 years old,2.0,,m,2.0,2.0,out-of-ideas,2.0,132,SEEKER,5,1,3,134,on-idle,20.0,8.0,4.0,3.0,3.0,7.0,4.0,7.0,0.22498456331333103,-0.11701832831599102,-1.007505583937307,-0.8717299063546311,-0.26327840300883854,-0.5985829172488903
15,35 - 44 years old,3.0,,m,2.0,5.0,bored,4.0,137,AVOIDER,0,0,6,138,on-demand,11.0,2.0,10.0,7.0,3.0,7.0,5.0,1.0,0.192503237219769,0.106052093072607,-2.412761855108803,-1.439122668643205,-0.755063258194797,-0.49861419017585823
16,18 - 24 years old,1.0,Thank you!,f,5.0,1.0,out-of-ideas,1.0,139,SEEKER,7,0,4,140,on-idle,14.0,0.0,7.0,6.0,4.0,6.0,2.0,4.0,0.938133274191377,0.6330747560119261,-0.954389078339631,-0.475177337351446,-0.060601310391589995,0.19446924202197016
17,35 - 44 years old,1.0,"A few of my ideas I did not stress the use of fabric. Although I believe they were suffice, I forgot to include that detail. If you have any questions feel free to email me. Thanks a lot! ",m,5.0,1.0,before|in-the-middle,1.0,141,SEEKER,19,0,5,143,on-demand,25.0,1.0,7.0,7.0,5.0,7.0,5.0,4.0,1.218239200661224,0.9111810090034471,-0.542174056256393,-0.9447106187918861,0.48628812112644276,0.15019880522017043
18,35 - 44 years old,1.0,,f,5.0,1.0,out-of-ideas|in-the-middle,1.0,142,UNDETERMINED,4,7,8,,,,,,6.0,3.0,7.0,3.0,4.0,,,,,,
19,45 - 54 years old,2.0,,f,4.0,1.0,out-of-ideas|before,1.0,144,UNDETERMINED,3,0,5,,,,,,7.0,3.0,7.0,3.0,5.0,,,,,,
20,25 - 34 years old,2.0,,m,4.0,2.0,out-of-ideas,2.0,146,SEEKER,35,18,6,149,on-idle,12.0,28.0,10.0,7.0,2.0,6.0,2.0,6.0,0.933934843523969,0.6022525663874151,-0.7855133080337211,-1.110466475497698,0.0328227992666684,-0.03582972023845651
21,25 - 34 years old,3.0,"All good, thanks.",m,5.0,2.0,out-of-ideas|before,2.0,148,SEEKER,5,1,5,152,baseline,0.0,3.0,11.0,6.0,1.0,6.0,2.0,1.0,1.3147961805047181,0.579117189272443,-0.36337622364543903,-1.650428074082888,0.1769107930813935,-0.2758574197099771
22,25 - 34 years old,2.0,An extra 15 minutes for lower pay than 10 minutes isn't exactly fair or reasonable.,o,4.0,2.0,out-of-ideas,2.0,147,AVOIDER,1,0,11,150,on-idle,10.0,0.0,17.0,5.0,1.0,5.0,1.0,1.0,1.10365128431959,0.6520617837075361,-0.8048633658534741,-1.42863260482433,0.34286161478072863,-0.2981537971213333
23,35 - 44 years old,3.0,,f,5.0,2.0,out-of-ideas|in-the-middle,1.0,151,SEEKER,5,0,8,154,on-demand,14.0,0.0,13.0,4.0,1.0,3.0,3.0,5.0,0.797260751393126,1.716426346030533,-1.078910372545463,-0.712686630017846,-0.1156750812067026,0.24523644663888536
24,35 - 44 years old,1.0,,unknown,4.0,2.0,in-the-middle,2.0,153,UNMOTIVATED,6,9,2,,,,,,6.0,2.0,7.0,4.0,4.0,,,,,,
25,45 - 54 years old,2.0,"In the second exercise, I couldn't summon inspiration on demand like I did in the first task. When I got stuck, I was really hoping I could hit the button to see other ideas. Instead, they seemed to only pop up after I had not typed anything for a period of time. I would have preferred to have on-demand access to the inspiration tool.",m,5.0,3.0,out-of-ideas|before,1.0,155,SEEKER,10,0,6,156,on-idle,3.0,0.0,8.0,7.0,6.0,6.0,5.0,5.0,0.7339328813246411,1.171585911146614,-0.200180315636782,-0.193118406610427,0.27588528739141527,0.4401155607032288
26,18 - 24 years old,1.0,"If the timer ends while I'm still typing, let me submit that idea. ",m,5.0,1.0,out-of-ideas,1.0,159,UNMOTIVATED,5,6,2,,,,,,7.0,1.0,7.0,1.0,7.0,,,,,,
27,25 - 34 years old,3.0,No additional feedback,m,3.0,3.0,did-not,3.0,157,AVOIDER,0,0,6,158,baseline,0.0,1.0,8.0,4.0,1.0,6.0,5.0,2.0,0.503643158468793,1.060780521110608,-0.220934092671618,-0.50848844694182,0.15184247685037638,0.38795448608431565
28,25 - 34 years old,2.0,"I enjoyed the HIT but I had to spend limited clock time with reading the idea and trying to determine exactly what was the problem to be solved. I also thought the instructions were a little vague. I figured it out, but it could have been a little clearer. Perhaps you could prominently state somewhere on the timed page that what you are looking for is other ways to use this technology.",m,4.0,1.0,before|in-the-middle,2.0,160,UNDETERMINED,3,0,4,,,,,,5.0,1.0,4.0,2.0,5.0,,,,,,
29,18 - 24 years old,1.0,Overall this was a good hit and interesting concept I would have like have inspiration for the second tasks. ,m,1.0,2.0,out-of-ideas,1.0,161,SEEKER,13,0,7,162,baseline,0.0,3.0,4.0,7.0,6.0,5.0,5.0,3.0,,,,,,
30,25 - 34 years old,1.0,n/a,f,5.0,1.0,out-of-ideas|before,1.0,164,AVOIDER,1,0,5,167,on-demand,0.0,0.0,10.0,5.0,1.0,4.0,3.0,2.0,0.754905937072692,0.5810525030973901,-0.693135901533762,-1.579384447782549,0.14089360277789972,-0.2752186643691147
31,25 - 34 years old,5.0,,m,2.0,4.0,out-of-ideas,5.0,166,UNMOTIVATED,1,1,2,,,,,,5.0,1.0,5.0,1.0,1.0,,,,,,
32,25 - 34 years old,1.0,Everything was good. :),f,5.0,1.0,out-of-ideas,1.0,168,SEEKER,26,0,8,170,on-demand,37.0,0.0,14.0,7.0,3.0,6.0,6.0,2.0,1.17656756816555,0.8094225451010271,-0.503562548601743,-0.6909261209866441,0.23913420420339326,0.09698823531503752
33,25 - 34 years old,1.0,,f,5.0,1.0,out-of-ideas,1.0,171,SEEKER,12,0,14,173,baseline,0.0,6.0,16.0,6.0,5.0,6.0,3.0,2.0,0.8859506022932491,1.039605642554314,-1.064311517352333,-1.38265676513381,-0.055828498728857895,-0.40622681441852737
34,25 - 34 years old,3.0,I was confused in the 2nd iteration because the prompt described my purpose as solving an issue. I read the page multiple times looking for an issue that I may have overlooked,m,3.0,3.0,bored,3.0,174,AVOIDER,1,0,4,175,baseline,0.0,0.0,4.0,3.0,1.0,3.0,2.0,3.0,1.180527166155874,0.8000383918720001,-0.6672183265793641,-0.5600234351621101,0.28584079705153176,0.2862588756891
35,35 - 44 years old,1.0,I enjoyed this task! The instructions were clear and concise. Thank you.,f,5.0,1.0,out-of-ideas|before,1.0,177,SEEKER,7,0,4,178,on-demand,31.0,0.0,6.0,6.0,2.0,3.0,3.0,1.0,0.8824739527835781,0.9685396468382821,-0.22005136260374503,0.039128287939097006,0.3601747795758077,0.5147157985013618
36,25 - 34 years old,3.0,,m,5.0,1.0,out-of-ideas|before|in-the-middle,2.0,13,UNDETERMINED,4,8,12,,,,,,5.0,2.0,5.0,2.0,3.0,,,,,,
37,25 - 34 years old,1.0,,m,5.0,1.0,out-of-ideas|in-the-middle,1.0,180,UNDETERMINED,2,1,4,,,,,,6.0,2.0,5.0,3.0,2.0,,,,,,
38,45 - 54 years old,4.0,I don't really have any. ,m,1.0,4.0,out-of-ideas|before|in-the-middle,4.0,181,SEEKER,6,0,6,182,on-idle,4.0,0.0,8.0,6.0,3.0,7.0,2.0,4.0,0.734960672629831,1.387848839835363,-0.079111409048902,-0.7599291037727851,0.31822991789155075,0.32822280883385624
39,45 - 54 years old,2.0,"This was pretty fun. Thanks! When you publish, I would love to see a link to the finished paper so I could see some of other ideas.",f,5.0,3.0,out-of-ideas|before,3.0,183,SEEKER,8,0,5,185,baseline,0.0,1.0,7.0,6.0,1.0,6.0,3.0,2.0,0.7905011555205951,0.390846596765594,0.045826384897749005,-1.122360276533444,0.32264559054765174,-0.1283761970321938
40,25 - 34 years old,3.0,,f,5.0,1.0,out-of-ideas,1.0,184,AVOIDER,1,0,7,186,on-demand,3.0,0.0,15.0,5.0,2.0,4.0,3.0,2.0,0.8498572726768071,0.7760358374005281,-1.024452207451036,-1.8935100597242631,-0.32814417730429746,-0.3546579620582542
41,25 - 34 years old,2.0,,m,5.0,2.0,out-of-ideas|before,2.0,188,SEEKER,12,1,9,189,on-demand,9.0,3.0,6.0,4.0,2.0,4.0,3.0,2.0,0.74458102498482,0.75209337776086,-1.382556829317681,-0.9121998360553991,-0.31640631182736817,-0.24368182700553434
42,55 - 64 years old,1.0,,f,4.0,1.0,out-of-ideas,1.0,194,AVOIDER,1,0,3,196,on-idle,14.0,0.0,10.0,6.0,2.0,5.0,2.0,5.0,0.343338085817516,0.594744255718069,-1.655996760995881,-1.374557254140734,-0.38712225215126705,-0.3240967400180591
43,55 - 64 years old,5.0,"I spent a good amount of time "" brainstorming"" so that ate up some clock time.",f,4.0,5.0,out-of-ideas|before,1.0,193,UNMOTIVATED,3,0,2,,,,,,5.0,5.0,6.0,3.0,5.0,,,,,,
44,35 - 44 years old,3.0,"It was a tough task especially with a timer , I felt a lot pressure to come up with as many new ideas as possible.  I felt it was really tough to be imaginative with the pressure. ",m,4.0,2.0,in-the-middle,3.0,197,UNMOTIVATED,1,2,1,,,,,,5.0,6.0,7.0,5.0,6.0,,,,,,
45,25 - 34 years old,4.0,,unknown,2.0,4.0,out-of-ideas|in-the-middle,4.0,200,SEEKER,8,7,5,201,baseline,0.0,24.0,7.0,5.0,3.0,5.0,3.0,3.0,0.9246104332967311,0.886568329860119,-0.27050984765776503,-0.5499908023761351,0.14887973874051771,-0.011670224343182165
46,25 - 34 years old,1.0,This seems like a fantastic tool actually. I was a little surprised in just how good the suggestions that I saw were. I wish I had chosen to view them sooner,m,5.0,1.0,out-of-ideas,1.0,203,UNDETERMINED,2,0,5,,,,,,7.0,3.0,7.0,5.0,6.0,,,,,,
47,25 - 34 years old,4.0,,m,3.0,4.0,out-of-ideas|before,3.0,204,SEEKER,12,1,3,206,on-demand,8.0,13.0,3.0,4.0,4.0,5.0,5.0,4.0,0.42062473774430503,0.448287674040072,-0.227297992440666,0.22655425554100903,0.1555884603120957,0.33497108077590704
48,35 - 44 years old,2.0,Thanks for the opportunity.,m,5.0,3.0,out-of-ideas,2.0,205,AVOIDER,1,0,8,207,baseline,0.0,0.0,12.0,6.0,1.0,6.0,3.0,2.0,0.8934098905560911,1.171204083083682,-1.053536730405223,-1.317327341465879,0.21563300934300947,0.021164897285519332
49,45 - 54 years old,3.0,This was a ton of fun to do. Thank you so much for such an interesting HIT. I found the ideas came easily.,f,5.0,3.0,did-not,3.0,208,AVOIDER,0,0,6,210,on-demand,0.0,0.0,2.0,7.0,2.0,6.0,2.0,3.0,0.591239849778031,0.512621870925243,0.160438618504224,-0.357127697415681,0.3758392341411275,0.07774708675478101
50,55 - 64 years old,2.0,"I hope this was done fine, thanks for letting me do the study.",f,5.0,1.0,in-the-middle,2.0,211,UNDETERMINED,4,0,4,,,,,,7.0,4.0,5.0,2.0,5.0,,,,,,
51,35 - 44 years old,3.0,,f,4.0,3.0,before,2.0,213,UNMOTIVATED,5,0,2,,,,,,4.0,2.0,4.0,3.0,4.0,,,,,,
52,18 - 24 years old,5.0,,f,5.0,3.0,did-not,3.0,214,AVOIDER,0,0,15,215,on-idle,0.0,1.0,25.0,3.0,2.0,6.0,2.0,2.0,0.9014379809203931,1.303542989205073,-1.3259808406060731,-1.432349942474835,-0.1464570539561712,-0.17713746197422187
53,25 - 34 years old,3.0,"Everything was fine, i tried to put in as many unique ideas as a could with a description on purpose.  that takes extra time, if i didn't have to do that i could have come up with a lot more.",m,2.0,4.0,out-of-ideas,4.0,217,SEEKER,20,0,5,219,on-idle,1.0,0.0,10.0,7.0,3.0,7.0,1.0,7.0,0.8819501949736691,1.222402395495842,-1.3217977842461401,-1.167362626354919,-0.053494857470451816,-0.2301700434194945
54,55 - 64 years old,2.0,"I tried to get creative, hopefully there is something there.",unknown,5.0,4.0,before,1.0,218,AVOIDER,1,0,15,220,baseline,0.0,0.0,18.0,7.0,2.0,7.0,2.0,1.0,1.347727453641665,0.35888162025297804,-0.9089954308518421,-0.832899286267283,-0.05735173963215182,-0.24701132472615508
55,65 - 75 years old,3.0,,unknown,4.0,1.0,in-the-middle,2.0,221,UNDETERMINED,4,1,3,,,,,,6.0,2.0,6.0,2.0,2.0,,,,,,
56,25 - 34 years old,2.0,,f,5.0,1.0,out-of-ideas,1.0,15,SEEKER,6,0,8,17,baseline,0.0,2.0,7.0,5.0,2.0,4.0,3.0,4.0,0.701599388384573,0.8975530285349491,-0.40664932064907705,-0.09878421201480801,0.18033491334766014,0.3385741392377829
57,35 - 44 years old,1.0,"It was certainly an interesting project.  Mturk could definitely use more of these.  There aren't that many projects that don't just force me to think, but also don't repeat every single question at least five times.  So yeah, this was a great HIT.",m,5.0,1.0,out-of-ideas|before,1.0,231,UNDETERMINED,2,0,6,,,,,,7.0,1.0,4.0,3.0,4.0,,,,,,
58,25 - 34 years old,2.0,,m,5.0,1.0,out-of-ideas|before,2.0,225,SEEKER,32,1,4,226,baseline,0.0,8.0,5.0,7.0,5.0,6.0,4.0,5.0,0.463662368860554,0.34126026552195804,-0.7503871469340331,-0.6645017385116301,-0.11195814731418681,-0.181229221459046
59,25 - 34 years old,2.0,,m,4.0,2.0,before,2.0,16,UNDETERMINED,2,0,3,,,,,,6.0,2.0,5.0,3.0,6.0,,,,,,
60,25 - 34 years old,2.0,I did my best with this.,m,5.0,2.0,did-not,2.0,229,UNMOTIVATED,0,0,2,,,,,,7.0,7.0,7.0,5.0,1.0,,,,,,
61,25 - 34 years old,2.0,,m,5.0,3.0,before,1.0,233,SEEKER,10,2,4,236,on-idle,6.0,6.0,6.0,6.0,1.0,6.0,3.0,2.0,0.973676402603948,1.15231650353095,0.145047760751704,0.46266277021940205,0.5723082537184598,0.9294136478133587
62,25 - 34 years old,1.0,"Interesting HIT, thank you!",f,5.0,1.0,out-of-ideas|before,1.0,237,UNDETERMINED,3,0,6,,,,,,6.0,1.0,6.0,2.0,1.0,,,,,,
63,25 - 34 years old,3.0,n/a,m,2.0,1.0,before,2.0,19,SEEKER,79,0,4,20,on-demand,58.0,2.0,8.0,4.0,4.0,4.0,4.0,4.0,0.176656757843173,1.025206807077551,-0.538423034727195,-0.732751681701261,-0.14876168620348537,-0.0039938979728274815
64,35 - 44 years old,2.0,"That went well, thank you.",f,5.0,2.0,out-of-ideas|before,1.0,238,SEEKER,7,0,16,240,baseline,0.0,0.0,20.0,6.0,2.0,6.0,2.0,4.0,0.28152917627997204,1.108629765887235,-1.46175407676761,-1.038434946653781,-0.3770680694146659,-0.16070426832741302
65,35 - 44 years old,3.0,It was a pretty fun exercise. I wonder if these product concepts are real.,unknown,4.0,2.0,out-of-ideas,2.0,242,SEEKER,18,0,3,243,on-demand,35.0,0.0,5.0,6.0,3.0,6.0,2.0,5.0,0.6112775402003421,0.6047097954437051,-1.432151770089051,-0.348194702197594,-0.051516734314045375,-0.020770238303697192
66,45 - 54 years old,2.0,no problems,m,4.0,2.0,out-of-ideas,3.0,245,SEEKER,9,0,6,251,on-idle,4.0,4.0,10.0,6.0,3.0,5.0,2.0,3.0,0.306567884609173,0.556265563721362,-1.945622770126089,-1.243862826655842,-0.11394718430169573,-0.025299519221537486
67,55 - 64 years old,2.0,None,unknown,3.0,1.0,out-of-ideas|before,2.0,246,AVOIDER,1,2,3,252,on-idle,16.0,5.0,5.0,6.0,6.0,6.0,3.0,1.0,0.623389847154986,-0.47525412047173604,-1.791322300614055,-1.157949299590883,-0.6338744312345226,-0.8338387076456367
68,25 - 34 years old,2.0,,m,5.0,3.0,before,2.0,247,UNDETERMINED,4,0,3,,,,,,5.0,4.0,5.0,5.0,4.0,,,,,,
69,45 - 54 years old,2.0,None. Thank you.,m,4.0,2.0,in-the-middle,2.0,248,SEEKER,10,0,5,253,baseline,0.0,1.0,12.0,4.0,2.0,3.0,2.0,3.0,1.244287872345396,1.193866096292813,-0.9742627135766391,-0.9103045789403261,0.14768530249914438,0.1765315352050679
70,55 - 64 years old,3.0,I love this tool - it's quite creative and it really feels like a brainstorm session.,f,5.0,1.0,out-of-ideas|before,1.0,249,UNDETERMINED,2,0,6,,,,,,6.0,1.0,5.0,2.0,4.0,,,,,,
71,35 - 44 years old,3.0,the task went smoothly. coming up with original ideas was more difficult on the second round because the inspirations were similar to ideas i came up with,m,4.0,2.0,out-of-ideas,1.0,256,SEEKER,14,1,4,257,on-demand,64.0,0.0,6.0,6.0,5.0,6.0,3.0,2.0,1.338565419657309,0.9127309427894951,-1.696510008873391,-0.116234943144046,-0.0018016305652160391,0.2209233844138795
72,18 - 24 years old,1.0,I tried to press shift enter to get another paragraph for my first idea and it just submitted the idea i thought it deleted so i rewrote the idea and submitted just to see that the first submitted.,m,5.0,2.0,before,1.0,255,UNDETERMINED,3,7,3,,,,,,7.0,1.0,6.0,2.0,6.0,,,,,,
73,25 - 34 years old,5.0,I enjoyed this hit and thought it was a great way of brain storming!!!,m,2.0,4.0,out-of-ideas|before,4.0,254,UNDETERMINED,2,0,8,,,,,,2.0,5.0,6.0,3.0,7.0,,,,,,
74,25 - 34 years old,3.0,I loved the hit brainstorming is what i am usually good at regardless if its tweeking something that has been basically fallen on deaf ears or a way to bring life to a solid subject ie whats a new fundraiser for the xyz facility? dont say car wash or bake sale etc,f,3.0,1.0,in-the-middle,1.0,258,UNDETERMINED,3,0,5,,,,,,5.0,5.0,6.0,4.0,1.0,,,,,,
75,55 - 64 years old,4.0,"I really didn't use the inspiration option, I just clicked on it to see what it would do.",m,5.0,4.0,before,4.0,23,UNMOTIVATED,1,1,2,,,,,,5.0,3.0,5.0,4.0,5.0,,,,,,
76,45 - 54 years old,4.0,,f,5.0,3.0,out-of-ideas|before,3.0,259,UNDETERMINED,2,0,4,,,,,,7.0,3.0,7.0,3.0,1.0,,,,,,
77,25 - 34 years old,1.0,,m,5.0,1.0,out-of-ideas,1.0,260,SEEKER,13,0,14,262,on-idle,9.0,0.0,17.0,6.0,6.0,6.0,2.0,3.0,0.9832485317400381,1.253317037922792,-0.855964577804273,-0.70166492441348,0.21002924205068974,0.26853204793610586
78,35 - 44 years old,3.0,,f,5.0,1.0,out-of-ideas,1.0,268,SEEKER,25,3,6,272,on-idle,6.0,3.0,6.0,6.0,1.0,7.0,1.0,3.0,0.6378713684799681,0.738581906211046,-0.42011196898019104,-0.21694672357913203,-0.05141638715902267,0.18649459826743484
79,25 - 34 years old,3.0,none,m,4.0,2.0,out-of-ideas,4.0,266,SEEKER,5,0,4,267,baseline,0.0,0.0,10.0,6.0,3.0,6.0,3.0,4.0,1.050182482267789,1.398256412397205,-0.227897381014136,-0.576960026699997,0.44045556027808186,0.44542542499395843
80,18 - 24 years old,2.0,,f,1.0,4.0,out-of-ideas|in-the-middle,4.0,269,SEEKER,13,0,7,270,on-demand,26.0,0.0,7.0,4.0,2.0,5.0,3.0,1.0,0.7411952682122821,1.146890632964395,-1.3542485066781471,-0.23249981964653102,-0.21247173446593431,0.07669997673472359
81,25 - 34 years old,2.0,,m,4.0,4.0,before,3.0,22,AVOIDER,1,0,9,24,on-demand,0.0,0.0,9.0,5.0,1.0,6.0,1.0,4.0,1.437040059824308,1.334142746338303,0.009531354804516001,-0.181269426073906,0.4206585001953922,0.2334261631692901
82,25 - 34 years old,4.0,Maybe provide a mock-up image of the technology to help give the person a better idea of it. Thank you!,f,5.0,2.0,out-of-ideas,2.0,273,SEEKER,14,0,10,274,baseline,0.0,0.0,17.0,6.0,4.0,5.0,2.0,3.0,0.9684483298241181,1.3050313070213662,-1.206597135744059,-1.247340599829187,-0.12695454104916237,0.01979159893029072
83,25 - 34 years old,1.0,,m,1.0,1.0,bored,1.0,276,UNMOTIVATED,1,4,2,,,,,,7.0,7.0,7.0,7.0,7.0,,,,,,
84,25 - 34 years old,2.0,"During the second phase, I assumed the technology had sound with the video but that might have been wrong to assume. I had ideas that did not involve sound so I hope that I still qualify for payment. Either way thank you for this opportunity and have a blessed day!",m,5.0,2.0,out-of-ideas|before|in-the-middle,1.0,278,SEEKER,6,0,3,279,on-demand,7.0,0.0,10.0,5.0,5.0,5.0,4.0,3.0,1.138064712695118,1.379713633549146,-0.681124771039301,-1.343916867655739,-0.02417477182946692,-0.11952986891745052
85,18 - 24 years old,3.0,I really enjoyed doing this HIT!,f,5.0,1.0,out-of-ideas|before,1.0,280,UNDETERMINED,2,0,3,,,,,,7.0,1.0,5.0,2.0,2.0,,,,,,
86,35 - 44 years old,2.0,"thank you very much. Very interesting and enjoyable study, I hope I gave at least a couple decent ideas.",m,5.0,3.0,in-the-middle,2.0,281,SEEKER,5,0,9,284,on-idle,0.0,0.0,12.0,6.0,3.0,5.0,3.0,3.0,1.020172698306121,0.9070128616698191,-1.409065869264496,-1.180357949688079,0.02304142425941727,0.12327343601027592
87,25 - 34 years old,2.0,,m,4.0,1.0,before,2.0,282,SEEKER,11,0,11,285,baseline,0.0,0.0,11.0,6.0,6.0,6.0,6.0,3.0,0.367910019564264,1.020335197992593,-1.8683479738293771,-1.604559634783407,-0.7719330994479431,-0.5531031648070127
88,45 - 54 years old,3.0,It was a difficult concept to come up with more than one idea,unknown,5.0,3.0,out-of-ideas,2.0,283,UNMOTIVATED,0,0,2,,,,,,5.0,2.0,6.0,3.0,6.0,,,,,,
89,35 - 44 years old,1.0,,f,5.0,1.0,out-of-ideas|before|in-the-middle,1.0,289,SEEKER,18,3,8,291,on-demand,22.0,1.0,13.0,7.0,4.0,7.0,4.0,3.0,1.010887938725952,0.8752812400571041,-1.110578247060332,-0.9800463773665621,-0.049850091338307916,-0.17100124957827484
90,55 - 64 years old,2.0,,f,5.0,3.0,in-the-middle,2.0,287,SEEKER,15,0,12,288,on-idle,0.0,0.0,25.0,6.0,1.0,5.0,2.0,3.0,0.732838334781822,0.814668543234067,-1.43085451501917,-1.290943631086056,-0.19936288661717408,-0.19498921311696715
91,45 - 54 years old,1.0,This was a very interesting survey!,f,5.0,1.0,out-of-ideas|in-the-middle,1.0,292,SEEKER,5,0,6,294,on-idle,0.0,0.0,6.0,7.0,1.0,7.0,1.0,4.0,0.5980506325754891,-0.058529260021231,-1.08294760601904,-1.069107608346231,-0.27401334747501116,-0.4453916376409637
92,25 - 34 years old,2.0,,m,2.0,1.0,before,2.0,293,UNDETERMINED,2,0,3,,,,,,2.0,1.0,5.0,3.0,6.0,,,,,,
93,25 - 34 years old,1.0,,f,5.0,1.0,out-of-ideas,1.0,295,SEEKER,10,0,9,296,baseline,0.0,10.0,7.0,5.0,3.0,7.0,5.0,2.0,0.091483993513784,-0.46387947855972905,-1.109747968912186,-1.586608864564984,-0.6257907505276253,-1.048974191887582
94,25 - 34 years old,1.0,,f,5.0,2.0,out-of-ideas|before|in-the-middle,2.0,298,SEEKER,14,0,7,299,on-idle,5.0,0.0,11.0,6.0,5.0,6.0,3.0,2.0,0.9535616266465371,0.93263686452768,-0.534175743209926,-0.2909146598676,0.28922726009914174,0.3976421916205823
95,25 - 34 years old,4.0,,m,5.0,1.0,out-of-ideas|before|in-the-middle,1.0,28,UNDETERMINED,2,0,8,,,,,,6.0,5.0,6.0,3.0,1.0,,,,,,
96,35 - 44 years old,3.0,,f,3.0,3.0,did-not,3.0,322,UNMOTIVATED,0,0,2,,,,,,6.0,3.0,6.0,2.0,7.0,,,,,,
97,25 - 34 years old,2.0,"ran smoothly though it is strange that the longer block of 15 minutes pays less than the shorter block of 10 minutes, that disparity isn't ideal.",f,5.0,1.0,out-of-ideas,1.0,321,SEEKER,12,2,10,323,on-demand,17.0,0.0,15.0,7.0,2.0,6.0,1.0,3.0,0.9151118319322181,0.9984365548593791,-0.7358626934881111,-0.39740188359855405,0.28988639385893455,0.4078971503631117
98,35 - 44 years old,2.0,,m,5.0,1.0,out-of-ideas|before,1.0,326,UNDETERMINED,3,2,7,,,,,,7.0,1.0,5.0,6.0,4.0,,,,,,
99,35 - 44 years old,2.0,,f,5.0,2.0,out-of-ideas,1.0,328,SEEKER,6,4,5,330,baseline,0.0,5.0,6.0,7.0,5.0,6.0,3.0,3.0,0.33841114701490604,1.073859334790337,-0.275326571665094,-0.299551522461862,0.08735065526854086,0.30683444204267113
100,45 - 54 years old,2.0,This was very fun! I feel like if I had more time I could have come up with lots of or better ideas. Is that fabric for real?!! That would be amazing if it is.,f,3.0,2.0,before,3.0,29,AVOIDER,1,0,3,30,on-idle,3.0,0.0,3.0,4.0,1.0,5.0,3.0,5.0,1.239667518330171,0.952743000251363,-0.16506533615832902,-0.141800464290807,0.3407549061250707,0.43159912988133037
101,25 - 34 years old,1.0,"Thanks, good luck in your study.",m,5.0,1.0,out-of-ideas|in-the-middle|bored,1.0,333,AVOIDER,1,12,5,336,on-demand,3.0,13.0,4.0,5.0,5.0,6.0,4.0,5.0,0.8194020726365361,0.036624092062738006,-0.9553583318305521,-0.19980764911933702,0.308028663383593,-0.0454785783721195
102,25 - 34 years old,2.0,Thank you for the opportunity to share my ideas.,m,4.0,3.0,out-of-ideas|before|in-the-middle,4.0,332,UNDETERMINED,3,0,15,,,,,,6.0,3.0,5.0,3.0,6.0,,,,,,
103,25 - 34 years old,1.0,Thanks.,m,5.0,2.0,out-of-ideas,2.0,334,SEEKER,12,0,12,335,on-demand,10.0,0.0,13.0,5.0,1.0,4.0,2.0,2.0,0.9731491336961241,0.9281818675504211,-1.503910634544773,-0.870887065575739,-0.09681788057802115,0.05323317712906716
104,35 - 44 years old,3.0,,f,5.0,2.0,out-of-ideas|before,2.0,337,SEEKER,12,1,4,338,baseline,0.0,0.0,10.0,6.0,4.0,4.0,4.0,3.0,0.9748820285251921,1.023023182654238,-0.529774274789493,-0.35490422188791604,0.3619052854058462,0.34865268470415317
105,18 - 24 years old,2.0,,f,4.0,1.0,out-of-ideas,1.0,340,UNDETERMINED,3,0,11,,,,,,5.0,2.0,5.0,2.0,6.0,,,,,,
106,65 - 75 years old,2.0,This was a very interesting study! I think there should have been a little more time to reflect on possible ideas. I had formulated other ideas but had not couched them in words. ,m,1.0,4.0,in-the-middle,4.0,343,UNMOTIVATED,2,0,2,,,,,,7.0,3.0,5.0,4.0,4.0,,,,,,
107,55 - 64 years old,1.0,,f,5.0,2.0,before,2.0,342,UNDETERMINED,4,0,4,,,,,,4.0,2.0,5.0,3.0,3.0,,,,,,
108,35 - 44 years old,2.0,I had no issues and the suggestions were really helpful,m,5.0,2.0,in-the-middle,1.0,344,SEEKER,7,1,10,,,,,,7.0,1.0,7.0,2.0,3.0,,,,,,
109,45 - 54 years old,3.0,,f,2.0,3.0,in-the-middle,2.0,345,SEEKER,10,0,3,,,,,,3.0,1.0,2.0,4.0,3.0,,,,,,
110,25 - 34 years old,2.0,"I don't think my ideas were very good but this exercise was stimulating and different than usual, so I enjoyed it.",f,4.0,1.0,out-of-ideas|before|in-the-middle,1.0,349,SEEKER,9,0,7,,,,,,6.0,5.0,7.0,4.0,4.0,,,,,,
111,25 - 34 years old,5.0,none,m,1.0,5.0,out-of-ideas|before,5.0,350,SEEKER,6,7,3,,,,,,7.0,1.0,5.0,1.0,3.0,,,,,,
112,25 - 34 years old,2.0,,m,4.0,3.0,out-of-ideas,1.0,351,SEEKER,15,2,7,,,,,,4.0,3.0,5.0,3.0,3.0,,,,,,
113,25 - 34 years old,2.0,,m,1.0,1.0,out-of-ideas|in-the-middle,1.0,352,SEEKER,9,0,8,,,,,,4.0,3.0,3.0,4.0,5.0,,,,,,
114,55 - 64 years old,1.0,"No advice, but thank you for the fun HIT!",f,5.0,2.0,out-of-ideas|before,1.0,357,SEEKER,13,0,5,,,,,,5.0,1.0,3.0,1.0,4.0,,,,,,
115,55 - 64 years old,4.0,,m,4.0,2.0,before,4.0,356,AVOIDER,1,0,6,359,baseline,0.0,0.0,11.0,6.0,3.0,6.0,3.0,5.0,0.7377194467410241,0.814668543234067,-1.418545413149651,-1.68677040678504,-0.3815457654854986,-0.36128080771289034
116,35 - 44 years old,2.0,I was surprised how useful the inspiration ideas especially with how much it helped me as a starting point.,f,4.0,2.0,out-of-ideas,1.0,32,UNDETERMINED,3,0,15,,,,,,6.0,2.0,6.0,2.0,5.0,,,,,,
117,25 - 34 years old,4.0,Thank you!,m,3.0,1.0,out-of-ideas,2.0,354,SEEKER,12,0,6,,,,,,4.0,2.0,4.0,3.0,2.0,,,,,,
118,45 - 54 years old,3.0,,m,1.0,3.0,did-not,1.0,355,AVOIDER,0,0,8,358,on-idle,8.0,0.0,13.0,6.0,2.0,6.0,3.0,4.0,0.7459591499558701,0.666669321301366,-1.123943883502335,-0.7712042227840621,-0.08688082380088374,-0.09978923994134287
119,45 - 54 years old,3.0,"I actually found this really interesting, I just have no idea if my ideas were any good. It was kind of fun to think of things I think would be useful.",f,5.0,2.0,in-the-middle,2.0,360,SEEKER,10,0,8,,,,,,6.0,5.0,6.0,3.0,5.0,,,,,,
120,35 - 44 years old,2.0,,f,5.0,1.0,out-of-ideas,1.0,361,UNDETERMINED,3,0,10,,,,,,4.0,4.0,5.0,3.0,4.0,,,,,,
121,25 - 34 years old,1.0,Thanks!,m,5.0,1.0,in-the-middle,1.0,362,SEEKER,7,2,4,,,,,,4.0,2.0,2.0,2.0,1.0,,,,,,
122,18 - 24 years old,2.0,,m,4.0,1.0,before,1.0,363,SEEKER,19,1,6,,,,,,6.0,4.0,6.0,2.0,1.0,,,,,,
123,25 - 34 years old,2.0,,m,4.0,2.0,did-not,2.0,364,AVOIDER,0,0,6,365,on-demand,0.0,2.0,11.0,7.0,1.0,5.0,2.0,1.0,0.9042599370370921,0.8950546233680371,-0.445250710307019,-1.727850952695533,0.06421139932147728,-0.22862131509619976
124,25 - 34 years old,3.0,Thank you.,m,5.0,1.0,out-of-ideas,1.0,385,SEEKER,21,12,5,386,on-demand,30.0,9.0,7.0,5.0,5.0,3.0,3.0,2.0,1.143734737723132,1.252603094335134,-0.34723548340111704,-0.22977641218154501,0.2832629492483157,0.4982452481274144
125,25 - 34 years old,1.0,"None, thank you!",m,5.0,1.0,out-of-ideas|before|in-the-middle,1.0,387,SEEKER,5,5,3,388,on-idle,20.0,0.0,4.0,5.0,1.0,5.0,1.0,1.0,0.643702367108215,0.35034654721327,-1.1437164663845931,0.10957009198089501,0.030146099420139016,0.22396426388538204
126,25 - 34 years old,2.0,"Overall, I really liked the format and enjoyed this task. It would be good if when given an inspiration idea you could just type in that box and add on to others ideas.",f,1.0,4.0,out-of-ideas,4.0,389,UNDETERMINED,4,0,6,,,,,,5.0,1.0,2.0,2.0,1.0,,,,,,
127,35 - 44 years old,2.0,,m,5.0,2.0,out-of-ideas|before,1.0,34,UNDETERMINED,4,7,4,,,,,,6.0,1.0,6.0,6.0,1.0,,,,,,
128,25 - 34 years old,1.0,,m,5.0,4.0,out-of-ideas|in-the-middle,2.0,391,SEEKER,13,0,5,,,,,,4.0,1.0,5.0,2.0,3.0,,,,,,
129,35 - 44 years old,2.0,,m,5.0,2.0,before,2.0,390,SEEKER,5,2,3,392,baseline,0.0,0.0,5.0,5.0,3.0,4.0,4.0,2.0,0.8423745294735421,1.097652880637982,-1.300328258416002,-1.6053763006367272,0.09944947797821019,0.13285809083204034
130,35 - 44 years old,2.0,i thought wasnt enough time to finish the task i felt rushed and therefore it impacted the number and quality of the ideas i came up to,f,3.0,4.0,out-of-ideas|before|in-the-middle|bored,2.0,394,UNMOTIVATED,3,1,2,,,,,,7.0,7.0,7.0,3.0,7.0,,,,,,
131,25 - 34 years old,1.0,,m,5.0,2.0,out-of-ideas,2.0,396,UNDETERMINED,4,7,4,,,,,,6.0,6.0,7.0,2.0,6.0,,,,,,
132,55 - 64 years old,1.0,"I had to read a lot of the inspirations in order to understand what the idea was in the first place. It was describing a technology, but what about it? Besides having trouble understanding the technology, I had no context about what the generated ideas were supposed to be like. I feel this is going to be difficult to explain, but when I read the technology I felt ""What about it? What is it that you are asking me about something that's a description of something?"" So it took a while of reading inspirations to get what it is that you wanted. Now some five minutes had gone by after I read and re-read the technology a number of times, wondered about it, wondered what you were looking for, and read quite a few inspirations. The ticking clock made me crazy, extremely anxious, and not at all playful. I thought how normally if I sat down to do something like this I might spend half an hour thinking about the technology before I even started the ideas, and I would spend at least an hour brainstorming ideas. Then I would come back to it, probably on another day, read things over and do it again, while thinking about it generally at off moments. I am really not the right person to be confused about what something is and then have good ideas in the rest of the ten minutes. I realize that part of it is the ticking clock, which as I said made me anxious and non-playful. This is not advice or recommendations, just a report of my experience with the HIT and how I would normally brainstorm at extreme leisure.",f,5.0,1.0,before,1.0,397,SEEKER,19,0,6,,,,,,7.0,7.0,7.0,5.0,7.0,,,,,,
133,25 - 34 years old,2.0,,m,5.0,2.0,did-not,2.0,398,AVOIDER,0,0,3,399,on-demand,0.0,1.0,4.0,4.0,2.0,4.0,2.0,2.0,0.43262197957485105,0.991341204676018,-0.49252797951492505,-0.8372891784673531,-0.14131451347510127,0.0012831697267862152
134,25 - 34 years old,4.0,,m,3.0,2.0,before|in-the-middle,2.0,405,SEEKER,7,6,3,,,,,,4.0,3.0,4.0,5.0,3.0,,,,,,
135,25 - 34 years old,1.0,,f,5.0,1.0,out-of-ideas,1.0,406,UNDETERMINED,4,4,7,,,,,,5.0,3.0,6.0,4.0,1.0,,,,,,
136,25 - 34 years old,3.0,,m,3.0,3.0,did-not,3.0,36,AVOIDER,0,0,6,37,baseline,0.0,0.0,10.0,6.0,6.0,5.0,3.0,3.0,0.8186665044695871,0.780913820769448,-0.7975951653219261,-0.5811112270014831,0.11191836166359796,-0.0024663748118242124
137,25 - 34 years old,3.0,None that I can think of.  Thank you for the opportunity to participate!,f,4.0,2.0,out-of-ideas|before|in-the-middle,2.0,408,SEEKER,30,0,6,,,,,,6.0,5.0,6.0,4.0,7.0,,,,,,
138,25 - 34 years old,3.0,I thought it was a well paced task and good for creativity.,f,2.0,1.0,did-not,2.0,410,AVOIDER,0,2,10,411,on-idle,7.0,0.0,15.0,3.0,3.0,4.0,2.0,1.0,1.327796064606972,1.079808368740489,-0.42784208309019406,-0.19018373939780703,0.2552365733513508,0.37910866890681044
139,25 - 34 years old,1.0,,m,5.0,1.0,before,1.0,412,AVOIDER,1,2,3,413,baseline,0.0,0.0,4.0,7.0,1.0,7.0,3.0,1.0,0.814942150731717,0.8804984383311321,0.23176487633870402,0.10157288224187101,0.5255518491292765,0.4754593570226773
140,45 - 54 years old,4.0,,f,1.0,3.0,out-of-ideas,3.0,414,SEEKER,22,7,7,,,,,,5.0,2.0,5.0,6.0,3.0,,,,,,
141,25 - 34 years old,4.0,,m,3.0,4.0,out-of-ideas,3.0,418,AVOIDER,1,1,4,419,on-demand,1.0,5.0,4.0,5.0,5.0,5.0,5.0,5.0,0.588208572091368,0.8668660722405861,-0.524969266789698,-0.45100448969472906,-0.005971242335340257,0.212887807001952
142,35 - 44 years old,2.0,,f,4.0,3.0,before,3.0,416,SEEKER,8,0,5,,,,,,6.0,6.0,5.0,3.0,5.0,,,,,,
143,35 - 44 years old,3.0,cool beans,m,1.0,4.0,out-of-ideas|in-the-middle,4.0,420,AVOIDER,0,4,3,421,on-idle,26.0,0.0,4.0,5.0,2.0,5.0,4.0,2.0,-0.74105719560306,0.5342612238098701,-1.9958018856686532,-1.782538374054886,-1.2102437019740377,-0.6134230807017355
144,25 - 34 years old,2.0,,m,5.0,2.0,before,2.0,38,UNDETERMINED,2,2,4,,,,,,6.0,5.0,7.0,4.0,4.0,,,,,,
145,25 - 34 years old,2.0,"i had a good experience...i think overall the task is fine the way it is..i like the layout/format and the time given is ampleyou could just be a tad bit more specific about the ""idea task"" itself..the way it was worded could be a little confusing",m,4.0,2.0,before|in-the-middle,1.0,425,SEEKER,5,5,5,,,,,,5.0,4.0,5.0,3.0,3.0,,,,,,
146,35 - 44 years old,2.0,Interesting,unknown,3.0,2.0,out-of-ideas|before,2.0,428,UNDETERMINED,4,0,5,,,,,,6.0,4.0,5.0,2.0,4.0,,,,,,
147,25 - 34 years old,2.0,Maybe include a stand in image of the device just so people have something to latch onto mentally. Otherwise was an interesting survey/ thought experiment. ,m,5.0,2.0,out-of-ideas,2.0,427,SEEKER,11,0,8,,,,,,3.0,1.0,2.0,2.0,1.0,,,,,,
148,45 - 54 years old,4.0,,m,2.0,3.0,out-of-ideas|before,4.0,45,SEEKER,11,0,3,47,on-demand,8.0,0.0,7.0,6.0,2.0,5.0,3.0,5.0,0.865384716260943,1.430414368739637,-0.536581225561483,-0.142515598921611,0.26604168799326045,0.44000402858098336
149,25 - 34 years old,3.0,,f,3.0,4.0,out-of-ideas,2.0,434,AVOIDER,1,0,13,436,baseline,0.0,0.0,10.0,6.0,2.0,5.0,4.0,2.0,0.9919574291968931,1.1543561293831721,-0.120086297331898,-0.9871606822014811,0.2908153861772503,0.026811587792896985
150,65 - 75 years old,2.0,It was fun and I enjoyed it.,unknown,5.0,2.0,in-the-middle,2.0,429,SEEKER,5,0,11,,,,,,6.0,2.0,6.0,2.0,3.0,,,,,,
151,35 - 44 years old,3.0,I found this very interesting and it was fun to imagine the technology and all the ideas for how it could be used.,f,5.0,1.0,out-of-ideas|in-the-middle,2.0,431,SEEKER,13,0,13,,,,,,7.0,4.0,7.0,3.0,6.0,,,,,,
152,18 - 24 years old,5.0,none,m,1.0,5.0,out-of-ideas,5.0,435,SEEKER,14,28,13,,,,,,7.0,2.0,4.0,6.0,2.0,,,,,,
153,45 - 54 years old,1.0,This was very interesting and a very different task than what I've done before! Thank you for the opportunity to participate! I would love to do so again in the future!,f,5.0,1.0,out-of-ideas|in-the-middle,1.0,437,SEEKER,7,0,4,,,,,,6.0,4.0,6.0,3.0,3.0,,,,,,
154,55 - 64 years old,3.0,Really enjoyed this.,unknown,5.0,1.0,out-of-ideas,1.0,439,SEEKER,16,0,10,,,,,,7.0,1.0,7.0,3.0,7.0,,,,,,
155,45 - 54 years old,5.0,"The inspirations were about applications of the technology, but the banner on the top seemed to me to request ways the technology could work. Confusing.",m,1.0,4.0,before,4.0,440,UNMOTIVATED,8,1,2,,,,,,6.0,6.0,6.0,5.0,7.0,,,,,,
156,,,,,,,,,441,SEEKER,6,0,7,,,,,,,,,,,,,,,,
157,35 - 44 years old,3.0,This is the type of HIT that I could brainstorm on for a long time.  The possibilities for a device of that nature could be endless!,f,5.0,2.0,out-of-ideas,2.0,443,UNDETERMINED,2,0,6,,,,,,6.0,3.0,5.0,2.0,4.0,,,,,,
158,35 - 44 years old,2.0,,f,4.0,3.0,out-of-ideas,2.0,445,SEEKER,21,2,6,,,,,,6.0,2.0,3.0,2.0,3.0,,,,,,
159,25 - 34 years old,5.0,Thank you! I hope some of the ideas turn out to be useful!,f,4.0,2.0,in-the-middle,4.0,39,SEEKER,10,0,6,43,on-idle,8.0,5.0,10.0,5.0,1.0,5.0,3.0,1.0,0.7229008605558841,0.9013115200658051,-0.471999775709783,-0.441015779499323,-0.020365241780738,0.1559175643386236
160,35 - 44 years old,1.0,"I think I did the HIT correctly but if you need something different from me, feel free to contact me. ",f,5.0,1.0,before|in-the-middle,1.0,454,SEEKER,8,0,3,,,,,,6.0,5.0,5.0,3.0,5.0,,,,,,
161,18 - 24 years old,2.0,unsure if I get the 7 or 4 dollars hope it's 7,f,5.0,1.0,out-of-ideas|before,2.0,453,AVOIDER,1,0,9,456,baseline,0.0,0.0,7.0,7.0,7.0,7.0,5.0,1.0,0.6422412565540261,0.9861772983022241,-1.338119428525659,-0.47529985050190904,-0.17898435481732244,0.17150266133683129
162,18 - 24 years old,2.0,,m,4.0,3.0,out-of-ideas,2.0,450,SEEKER,7,0,4,,,,,,7.0,4.0,6.0,4.0,5.0,,,,,,
163,25 - 34 years old,3.0,,m,3.0,3.0,before,3.0,40,UNMOTIVATED,1,5,2,,,,,,4.0,4.0,5.0,4.0,2.0,,,,,,
164,35 - 44 years old,5.0,I thought the task was fun and I hope to be part of anymore if you have any in the future.,f,1.0,5.0,did-not,3.0,457,AVOIDER,0,0,3,458,on-demand,0.0,1.0,4.0,7.0,1.0,7.0,1.0,5.0,1.5634870794198221,1.6639811559151991,-1.052233316332194,-0.6127294018720401,0.28270279418777805,0.3579676150437633
165,45 - 54 years old,2.0,Interesting Hit.,m,3.0,3.0,out-of-ideas,3.0,460,UNDETERMINED,4,3,6,,,,,,6.0,5.0,6.0,6.0,2.0,,,,,,
166,45 - 54 years old,1.0,,f,5.0,1.0,out-of-ideas|before|in-the-middle,1.0,461,SEEKER,13,1,8,,,,,,6.0,4.0,6.0,2.0,4.0,,,,,,
167,25 - 34 years old,2.0,"None, have a nice day!",m,4.0,1.0,out-of-ideas|in-the-middle|bored,3.0,3,SEEKER,10,1,10,6,on-demand,42.0,2.0,12.0,5.0,1.0,2.0,3.0,4.0,0.662367878334846,1.180112667300444,-1.000081745390406,-0.771846481992778,-0.08666319685273353,0.13053152159961354
168,18 - 24 years old,2.0,,m,4.0,1.0,out-of-ideas,2.0,42,SEEKER,15,0,9,44,baseline,0.0,3.0,4.0,6.0,4.0,4.0,5.0,6.0,0.289394939626184,0.555906276950888,-0.72707240110793,-0.17892974218832,-0.41837892597247683,0.189020616150045
169,25 - 34 years old,1.0,Ive got nothing.,m,5.0,1.0,out-of-ideas,1.0,464,SEEKER,5,4,7,,,,,,6.0,4.0,6.0,2.0,4.0,,,,,,
170,25 - 34 years old,1.0,,f,5.0,1.0,out-of-ideas|before|in-the-middle,1.0,466,SEEKER,22,0,9,,,,,,7.0,1.0,7.0,5.0,1.0,,,,,,
171,35 - 44 years old,4.0,,f,4.0,2.0,out-of-ideas,2.0,468,UNDETERMINED,3,3,4,,,,,,5.0,5.0,5.0,3.0,5.0,,,,,,
172,35 - 44 years old,3.0,none,m,4.0,4.0,in-the-middle,1.0,469,SEEKER,8,4,4,,,,,,7.0,1.0,6.0,1.0,3.0,,,,,,
173,25 - 34 years old,4.0,,m,3.0,2.0,before|bored,5.0,46,UNDETERMINED,2,0,5,,,,,,6.0,4.0,2.0,5.0,6.0,,,,,,
174,55 - 64 years old,3.0,"This was a very interesting HIT. I hope you can find value in the suggestions I submitted. The timer up at the left corner added a little layer of stress, because I was trying to submit as many ideas as possible, but I also wanted to make sure they were of good quality. Thank you for the survey.",m,3.0,2.0,out-of-ideas,3.0,474,SEEKER,5,0,6,,,,,,6.0,6.0,5.0,4.0,5.0,,,,,,
175,45 - 54 years old,2.0,,f,5.0,1.0,out-of-ideas,1.0,475,SEEKER,6,0,8,,,,,,6.0,2.0,4.0,1.0,5.0,,,,,,
176,35 - 44 years old,4.0,,f,4.0,1.0,in-the-middle,2.0,476,AVOIDER,1,0,6,477,on-idle,5.0,7.0,9.0,7.0,1.0,4.0,1.0,1.0,1.184052039930859,1.179495692755912,-0.453486279549318,-0.43299889989757,0.44758298425158993,0.49707110732526594
177,25 - 34 years old,4.0,,f,3.0,4.0,out-of-ideas,3.0,479,UNMOTIVATED,3,4,2,,,,,,6.0,5.0,5.0,5.0,5.0,,,,,,
178,25 - 34 years old,1.0,I think more time would lead to a better quality brainstorming session. Thanks for the HIT!,m,5.0,1.0,out-of-ideas,1.0,481,UNDETERMINED,2,0,6,,,,,,6.0,3.0,5.0,5.0,6.0,,,,,,
179,25 - 34 years old,1.0,Thank you for the chance to participate! I found this task enjoyable and thought-provoking. ,m,5.0,1.0,out-of-ideas,1.0,482,SEEKER,9,0,8,,,,,,7.0,1.0,7.0,2.0,4.0,,,,,,
180,18 - 24 years old,1.0,,f,5.0,1.0,out-of-ideas|before,1.0,483,SEEKER,33,9,8,,,,,,7.0,4.0,7.0,1.0,3.0,,,,,,
181,18 - 24 years old,2.0,,m,5.0,3.0,before|in-the-middle,2.0,491,UNMOTIVATED,1,3,2,,,,,,6.0,2.0,5.0,3.0,4.0,,,,,,
182,25 - 34 years old,1.0,"I felt like a deer in the headlights at first, but using the ""inspiration"" tool really helped because I was like, ""OKAY, that makes sense, I see where this could go.""",f,5.0,4.0,before|in-the-middle,1.0,486,SEEKER,11,0,5,,,,,,5.0,6.0,5.0,4.0,4.0,,,,,,
183,25 - 34 years old,1.0,,f,5.0,2.0,out-of-ideas|before,2.0,488,SEEKER,17,6,9,,,,,,3.0,4.0,5.0,3.0,3.0,,,,,,
184,25 - 34 years old,5.0,none,f,1.0,5.0,out-of-ideas,5.0,494,SEEKER,8,4,5,,,,,,6.0,4.0,3.0,3.0,3.0,,,,,,
185,35 - 44 years old,4.0,,f,5.0,1.0,out-of-ideas,2.0,493,SEEKER,17,3,8,,,,,,7.0,2.0,7.0,2.0,1.0,,,,,,
186,45 - 54 years old,2.0,n/a,f,5.0,1.0,out-of-ideas|before,1.0,495,SEEKER,5,0,7,,,,,,6.0,1.0,5.0,3.0,4.0,,,,,,
187,25 - 34 years old,5.0,,m,1.0,3.0,before|in-the-middle,5.0,496,UNMOTIVATED,4,0,2,,,,,,3.0,3.0,4.0,3.0,3.0,,,,,,
188,18 - 24 years old,2.0,,m,5.0,2.0,out-of-ideas|before|in-the-middle,1.0,497,SEEKER,6,1,6,,,,,,5.0,3.0,5.0,2.0,2.0,,,,,,
189,18 - 24 years old,3.0,,f,4.0,2.0,out-of-ideas|before|in-the-middle,2.0,48,SEEKER,25,0,6,50,on-idle,11.0,0.0,12.0,4.0,3.0,3.0,3.0,1.0,0.8634791964776161,0.7778656687923281,-0.8771936456286271,-0.5341739081838051,-0.10495358075617574,0.28780697314564246
190,45 - 54 years old,1.0,This worked very well. Great job!,f,4.0,2.0,out-of-ideas|before,2.0,498,SEEKER,8,3,7,,,,,,7.0,4.0,7.0,3.0,6.0,,,,,,
191,45 - 54 years old,3.0,,m,5.0,2.0,out-of-ideas,1.0,500,SEEKER,5,4,6,,,,,,2.0,3.0,4.0,3.0,3.0,,,,,,
192,25 - 34 years old,4.0,,m,5.0,1.0,out-of-ideas,1.0,501,UNMOTIVATED,21,3,2,,,,,,5.0,1.0,7.0,3.0,1.0,,,,,,
193,35 - 44 years old,1.0,,m,1.0,1.0,in-the-middle,1.0,505,SEEKER,22,2,7,,,,,,7.0,2.0,6.0,2.0,4.0,,,,,,
194,55 - 64 years old,5.0,"The use of the ""inspiration"" was curiosity. :)",f,4.0,4.0,out-of-ideas,3.0,503,AVOIDER,1,0,4,506,baseline,0.0,2.0,5.0,5.0,2.0,6.0,3.0,5.0,0.968458294516329,0.397953888566399,-0.9459532492739801,-1.069208288470774,0.0003129259233848325,-0.2856539360086288
195,35 - 44 years old,3.0,none,f,4.0,2.0,out-of-ideas,3.0,502,SEEKER,5,2,4,,,,,,5.0,1.0,5.0,2.0,1.0,,,,,,
196,25 - 34 years old,3.0,,m,4.0,3.0,before,2.0,509,AVOIDER,1,0,3,510,on-demand,1.0,1.0,4.0,5.0,5.0,6.0,4.0,5.0,1.036433966520176,0.35163620424837005,-0.333833751984055,0.06793930467782801,0.3642037863872073,0.23283766468555456
197,45 - 54 years old,1.0,,f,5.0,1.0,out-of-ideas|in-the-middle,1.0,508,SEEKER,10,1,4,,,,,,6.0,4.0,7.0,4.0,4.0,,,,,,
198,25 - 34 years old,1.0,,f,5.0,1.0,out-of-ideas|before|in-the-middle|bored,2.0,512,SEEKER,16,0,10,,,,,,5.0,2.0,6.0,4.0,2.0,,,,,,
199,45 - 54 years old,1.0,,m,4.0,2.0,before,1.0,513,AVOIDER,1,1,6,514,on-idle,5.0,2.0,9.0,2.0,2.0,6.0,3.0,2.0,0.9623688816856311,0.953348117890444,-0.5137442964395941,-0.591780807992988,0.18954832971533989,0.001483358194396785
200,35 - 44 years old,2.0,no comment,m,5.0,2.0,out-of-ideas|before,1.0,49,UNDETERMINED,2,0,5,,,,,,5.0,1.0,5.0,3.0,3.0,,,,,,
201,25 - 34 years old,5.0,,f,5.0,3.0,did-not,4.0,516,AVOIDER,0,0,6,518,baseline,0.0,0.0,7.0,7.0,1.0,6.0,2.0,1.0,1.700997939685302,1.22979836660887,-0.7345325266210171,-1.056156305541597,0.25594551196112514,-0.13051655078038213
202,25 - 34 years old,2.0,,m,5.0,1.0,out-of-ideas|before,2.0,517,SEEKER,21,2,6,,,,,,4.0,2.0,5.0,3.0,2.0,,,,,,
203,25 - 34 years old,2.0,i would like to see videos of some ideas to help brainstorm,m,4.0,2.0,before,2.0,520,SEEKER,6,0,5,,,,,,4.0,4.0,5.0,3.0,3.0,,,,,,
204,25 - 34 years old,4.0,it was interesting,m,3.0,4.0,out-of-ideas,4.0,522,UNMOTIVATED,1,1,2,,,,,,5.0,5.0,5.0,4.0,6.0,,,,,,
205,25 - 34 years old,1.0,"I tried my best, but I always think that I'm just giving the worst answers, or someone else thought of them. I know that's not right to think that way but I always think I do everything wrong, but I try my best to give the best answers I can.",m,4.0,1.0,out-of-ideas,1.0,523,SEEKER,10,0,7,,,,,,7.0,5.0,6.0,3.0,5.0,,,,,,
206,25 - 34 years old,1.0,,m,5.0,2.0,before|in-the-middle,1.0,524,SEEKER,14,0,5,,,,,,6.0,3.0,6.0,2.0,6.0,,,,,,
207,25 - 34 years old,2.0,interesting,m,4.0,3.0,did-not,1.0,525,UNMOTIVATED,0,0,2,,,,,,5.0,3.0,5.0,2.0,4.0,,,,,,
208,25 - 34 years old,3.0,"great hit, would love to work on future hits.",f,5.0,2.0,out-of-ideas|in-the-middle,1.0,51,UNDETERMINED,4,0,13,,,,,,3.0,3.0,4.0,2.0,3.0,,,,,,
209,35 - 44 years old,3.0,"I think you need a longer timer! I really wanted to come up with more (and even better) ideas, but the 10 minute timer just wasn't quite enough time to read the inspirations, formulate an idea, and get it all written down coherently. I was only able to complete two of them. Other than that, this was a fun task and the application was neat to see.",f,5.0,1.0,before|in-the-middle,1.0,527,UNMOTIVATED,19,0,2,,,,,,5.0,5.0,4.0,4.0,6.0,,,,,,
210,25 - 34 years old,1.0,This is quite a good program.,m,5.0,2.0,out-of-ideas|before,1.0,533,SEEKER,7,0,6,,,,,,5.0,2.0,5.0,3.0,2.0,,,,,,
211,45 - 54 years old,3.0,,unknown,4.0,4.0,out-of-ideas,2.0,52,AVOIDER,0,1,3,53,on-demand,24.0,1.0,7.0,6.0,1.0,5.0,6.0,1.0,0.605407879415044,0.60620683594128,-0.7132398606083641,-1.644679845611086,-0.16449319547777044,-0.216851524249563
212,45 - 54 years old,5.0,"It was well set up, but the beginning of the task was a bit intimidating. Maybe soften the interface a bit. Thank you abd best of luck with your research.",m,1.0,5.0,out-of-ideas,5.0,534,SEEKER,13,0,7,,,,,,6.0,4.0,6.0,4.0,5.0,,,,,,
213,55 - 64 years old,1.0,thanks I enjoyed it,m,4.0,2.0,out-of-ideas|in-the-middle,2.0,535,UNDETERMINED,4,0,5,,,,,,6.0,2.0,6.0,3.0,5.0,,,,,,
214,35 - 44 years old,2.0,I didn't have any problems with the interface and everything went smoothly.,m,5.0,1.0,before|in-the-middle,2.0,537,SEEKER,7,0,10,,,,,,6.0,1.0,4.0,2.0,4.0,,,,,,
215,25 - 34 years old,1.0,,f,5.0,1.0,out-of-ideas|in-the-middle,1.0,538,SEEKER,5,0,13,,,,,,5.0,3.0,6.0,4.0,4.0,,,,,,
216,18 - 24 years old,3.0,Please put more time on the mturk timer. We dont always get started on hits right away. ,f,5.0,2.0,out-of-ideas|before,2.0,540,AVOIDER,1,0,7,541,on-demand,2.0,0.0,6.0,6.0,3.0,3.0,3.0,4.0,1.109232475771039,0.8746086062816031,-1.140768555717299,-1.2907787220711109,0.03108405114022798,-0.0018753114286766033
217,25 - 34 years old,2.0,"Worked fine for me! A tiny bit more variance in the suggestions would have been better, though.",m,5.0,1.0,out-of-ideas|before,1.0,543,SEEKER,11,3,9,,,,,,5.0,1.0,6.0,2.0,1.0,,,,,,
218,35 - 44 years old,2.0,,f,5.0,2.0,out-of-ideas|before|in-the-middle,2.0,545,SEEKER,8,0,4,,,,,,5.0,4.0,4.0,4.0,5.0,,,,,,
219,18 - 24 years old,4.0,,m,4.0,2.0,out-of-ideas|before,2.0,552,SEEKER,5,4,7,,,,,,6.0,4.0,5.0,3.0,2.0,,,,,,
220,18 - 24 years old,1.0,,m,3.0,2.0,did-not,2.0,553,SEEKER,12,0,4,,,,,,6.0,4.0,5.0,6.0,5.0,,,,,,
221,35 - 44 years old,1.0,,m,5.0,1.0,out-of-ideas|before,1.0,556,SEEKER,21,0,8,,,,,,7.0,4.0,7.0,1.0,7.0,,,,,,
222,35 - 44 years old,2.0,,m,3.0,2.0,out-of-ideas,2.0,559,UNDETERMINED,3,0,8,,,,,,2.0,4.0,6.0,3.0,4.0,,,,,,
223,25 - 34 years old,1.0,it was fun coming up with different ideas.,m,5.0,1.0,out-of-ideas|in-the-middle,1.0,562,SEEKER,10,0,7,,,,,,5.0,1.0,3.0,1.0,3.0,,,,,,
224,25 - 34 years old,2.0,give a little more time,m,4.0,3.0,did-not,1.0,563,UNMOTIVATED,0,0,2,,,,,,2.0,3.0,6.0,2.0,4.0,,,,,,
225,25 - 34 years old,1.0,Interesting and good.,f,5.0,1.0,in-the-middle,1.0,56,SEEKER,7,0,4,57,baseline,0.0,0.0,7.0,7.0,1.0,7.0,1.0,1.0,-0.27305217562328005,-0.08182270987106001,-1.673233719639164,-1.421725548036258,-0.8735531190640904,-0.5589365030598981
226,45 - 54 years old,2.0,fun hit,m,5.0,2.0,in-the-middle,2.0,564,UNDETERMINED,4,1,6,,,,,,6.0,1.0,5.0,6.0,5.0,,,,,,
227,45 - 54 years old,2.0,Very interesting study.,m,5.0,2.0,before,2.0,571,UNDETERMINED,4,0,3,,,,,,6.0,2.0,7.0,4.0,5.0,,,,,,
228,35 - 44 years old,1.0,"i wish more of this survey can come often, it helps build the brain in all round , thanks to the requester.",m,5.0,2.0,out-of-ideas,1.0,566,SEEKER,5,1,4,,,,,,7.0,1.0,7.0,1.0,4.0,,,,,,
229,25 - 34 years old,1.0,,m,5.0,1.0,out-of-ideas|before,1.0,567,UNDETERMINED,2,1,4,,,,,,7.0,3.0,5.0,3.0,2.0,,,,,,
230,25 - 34 years old,1.0,,f,5.0,1.0,out-of-ideas|before,1.0,569,SEEKER,41,1,10,,,,,,7.0,3.0,5.0,1.0,3.0,,,,,,
231,25 - 34 years old,2.0,Everything ran out smoothly. Nothing to add really.,f,5.0,3.0,before,2.0,573,AVOIDER,1,0,5,577,baseline,0.0,1.0,6.0,7.0,2.0,7.0,2.0,7.0,1.030370116697298,0.795153229581369,-1.094589266880484,-0.383954653705169,0.08925266161245017,0.1445614042567415
232,25 - 34 years old,2.0,,f,4.0,2.0,out-of-ideas|in-the-middle,2.0,58,SEEKER,13,0,12,59,on-demand,46.0,2.0,13.0,4.0,1.0,2.0,1.0,1.0,0.922511898561521,1.18339493766984,-1.0198124609451,-0.9679019604409451,-0.15569235243038285,0.0027468113934263775
233,65 - 75 years old,2.0,,m,5.0,1.0,out-of-ideas|before|in-the-middle|bored,1.0,570,SEEKER,14,8,5,,,,,,3.0,1.0,4.0,3.0,1.0,,,,,,
234,35 - 44 years old,2.0,Add a button to extend the timer by 30 seconds once so that I could finish typing the last idea I was working on before it continued to this page.,f,5.0,1.0,out-of-ideas|in-the-middle,2.0,572,SEEKER,10,0,6,,,,,,7.0,5.0,7.0,2.0,5.0,,,,,,
235,35 - 44 years old,5.0,,m,5.0,3.0,out-of-ideas,3.0,574,UNDETERMINED,3,1,13,,,,,,5.0,2.0,4.0,4.0,2.0,,,,,,
236,35 - 44 years old,4.0,,f,1.0,5.0,before|in-the-middle,4.0,575,UNDETERMINED,3,3,3,,,,,,6.0,3.0,5.0,4.0,4.0,,,,,,
237,45 - 54 years old,4.0,"I greatly enjoyed this task.   I like opportunities to think ""outside the box"" and this task challenge gave me an opportunity to come up with some innovative ideas for the use of a new technology.   Thanks for the opportunity to participate and good luck with your research!",m,5.0,3.0,out-of-ideas|before,2.0,576,UNDETERMINED,2,0,5,,,,,,7.0,1.0,6.0,1.0,7.0,,,,,,
238,55 - 64 years old,4.0,I did not use the inspiration. I wanted to use my own ideas and brainstorming. It was a very interesting task. Thank you.,m,5.0,5.0,did-not,3.0,578,AVOIDER,0,0,13,579,on-demand,0.0,0.0,21.0,6.0,2.0,5.0,2.0,2.0,0.496361724244791,0.41983520344957304,-1.830204869423404,-1.94123217033147,-0.5330759236269764,-0.7022840463912294
239,25 - 34 years old,2.0,,f,5.0,2.0,out-of-ideas|in-the-middle,2.0,60,SEEKER,18,2,11,61,on-idle,20.0,0.0,9.0,4.0,1.0,5.0,2.0,3.0,0.745423295678948,0.9213125099936981,-0.733288932455965,-1.203832229485273,0.05400857579483745,-0.1335281052170139
240,25 - 34 years old,1.0,Everything worked fine. I hope I came up with some helpful ideas. I tried to think for a minute and look at a few inspiration ideas before trying to rush into it.,m,5.0,1.0,before,1.0,581,SEEKER,6,0,6,,,,,,5.0,1.0,5.0,2.0,4.0,,,,,,
241,25 - 34 years old,1.0,"Everything worked as it should, the time was great not too long not too short and the platform was responsive. Thank you!",f,5.0,2.0,out-of-ideas|in-the-middle,1.0,583,UNDETERMINED,2,0,9,,,,,,4.0,4.0,4.0,2.0,2.0,,,,,,
242,25 - 34 years old,4.0,,f,2.0,5.0,out-of-ideas,4.0,584,SEEKER,24,1,9,,,,,,6.0,3.0,6.0,3.0,3.0,,,,,,
243,35 - 44 years old,1.0,,f,5.0,1.0,in-the-middle,1.0,585,SEEKER,10,0,4,,,,,,7.0,1.0,3.0,2.0,1.0,,,,,,
244,35 - 44 years old,3.0,I thought it was very interesting and thought provoking. Thanks for providing the opportunity. ,f,5.0,1.0,in-the-middle,3.0,587,UNDETERMINED,2,1,3,,,,,,7.0,2.0,6.0,3.0,7.0,,,,,,
245,25 - 34 years old,2.0,,m,5.0,1.0,before,2.0,590,UNDETERMINED,2,13,4,,,,,,7.0,2.0,7.0,1.0,3.0,,,,,,
246,18 - 24 years old,5.0,"Well, I think that you should not show the timer if you ever make a similar hit. I don't know if my experience is the same for anyone else, but I get nervous when a time limit is shown.",f,5.0,2.0,out-of-ideas,3.0,589,SEEKER,40,1,4,,,,,,7.0,5.0,4.0,5.0,2.0,,,,,,
247,25 - 34 years old,1.0,,f,5.0,1.0,before,1.0,591,SEEKER,77,0,4,,,,,,4.0,2.0,5.0,2.0,1.0,,,,,,
248,35 - 44 years old,2.0,The first ideas are related to possible product improvements. After getting inspiration my ideas change a bit. ,m,4.0,2.0,out-of-ideas|in-the-middle,2.0,596,SEEKER,9,0,13,,,,,,6.0,5.0,6.0,3.0,5.0,,,,,,
249,25 - 34 years old,1.0,i had a good time completing this survey and had no issues whatsoever,f,5.0,1.0,out-of-ideas,1.0,62,SEEKER,15,1,10,63,baseline,0.0,2.0,15.0,3.0,7.0,6.0,5.0,1.0,0.8029626989574811,0.826725984944726,-1.417863776766878,-1.08587269876868,-0.18351491943331155,-0.07665802854665735
250,25 - 34 years old,4.0,thank you,m,1.0,4.0,out-of-ideas,3.0,595,SEEKER,5,4,3,,,,,,5.0,3.0,6.0,6.0,4.0,,,,,,
251,45 - 54 years old,2.0,none,m,5.0,2.0,out-of-ideas|in-the-middle,2.0,598,SEEKER,5,0,5,,,,,,6.0,2.0,5.0,2.0,6.0,,,,,,
252,25 - 34 years old,1.0,,f,4.0,1.0,out-of-ideas|in-the-middle,1.0,601,UNDETERMINED,4,0,8,,,,,,6.0,5.0,6.0,3.0,6.0,,,,,,
253,25 - 34 years old,4.0,,f,3.0,4.0,out-of-ideas,5.0,603,SEEKER,20,1,9,,,,,,5.0,6.0,5.0,5.0,3.0,,,,,,
254,55 - 64 years old,5.0,,m,5.0,1.0,out-of-ideas,1.0,602,UNDETERMINED,4,0,4,,,,,,6.0,2.0,6.0,3.0,1.0,,,,,,
255,18 - 24 years old,3.0,,m,4.0,2.0,out-of-ideas|bored,2.0,604,SEEKER,5,1,4,,,,,,7.0,5.0,7.0,3.0,4.0,,,,,,
256,55 - 64 years old,2.0,"Very interesting and thought provoking task.  I would like to use this same technique when trying to come up with new ideas you know, having the inspirational ideas on the side!",f,5.0,1.0,out-of-ideas,1.0,606,UNDETERMINED,4,0,6,,,,,,7.0,4.0,7.0,3.0,7.0,,,,,,
257,35 - 44 years old,3.0,,f,5.0,1.0,out-of-ideas|before,1.0,607,SEEKER,9,0,6,,,,,,6.0,2.0,5.0,3.0,2.0,,,,,,
258,25 - 34 years old,2.0,Have a 1 minute left warning sound or something so we know to finish up and submit because I was in the middle of writing something but wasn't able to finish. I assumed I had more time left.  Clear study nonetheless.,m,5.0,1.0,out-of-ideas|before,3.0,609,UNMOTIVATED,6,0,2,,,,,,6.0,5.0,7.0,5.0,2.0,,,,,,
259,35 - 44 years old,3.0,,f,5.0,1.0,out-of-ideas,2.0,610,SEEKER,11,2,4,,,,,,5.0,2.0,6.0,6.0,4.0,,,,,,
260,35 - 44 years old,2.0,Fun task,m,4.0,2.0,out-of-ideas,2.0,612,UNMOTIVATED,3,4,1,,,,,,3.0,3.0,3.0,3.0,4.0,,,,,,
261,25 - 34 years old,3.0,,m,4.0,3.0,did-not,2.0,613,UNMOTIVATED,1,0,2,,,,,,5.0,3.0,5.0,3.0,4.0,,,,,,
262,65 - 75 years old,2.0,Very interesting and instructive study !,m,5.0,2.0,in-the-middle,1.0,65,AVOIDER,1,7,5,67,on-idle,22.0,22.0,8.0,7.0,1.0,7.0,2.0,5.0,0.742302151804178,1.060781381837933,-0.317234432491581,-0.43152266768451303,0.3333944147696086,0.49798616359832065
263,45 - 54 years old,2.0,"I enjoyed this HIT! It was fun to brainstorm, I haven't done that in awhile.",m,5.0,2.0,before|in-the-middle,2.0,615,SEEKER,5,1,8,,,,,,6.0,2.0,5.0,1.0,4.0,,,,,,
264,35 - 44 years old,4.0,,m,4.0,3.0,out-of-ideas,3.0,616,UNMOTIVATED,7,1,2,,,,,,7.0,5.0,7.0,4.0,7.0,,,,,,
265,25 - 34 years old,2.0,,m,5.0,1.0,out-of-ideas|before,1.0,617,SEEKER,12,0,6,,,,,,5.0,2.0,4.0,3.0,2.0,,,,,,
266,25 - 34 years old,2.0,"During the first task, I was able to click to receive inspirations. During the second task, they were provided to me at their own pace. I found it more helpful in the first task to be able to chose when I get helpful ideas rather than to struggle and wait for suggestions. ",f,5.0,2.0,out-of-ideas|before,2.0,7,SEEKER,30,0,10,8,on-idle,6.0,0.0,15.0,5.0,1.0,4.0,3.0,1.0,0.8591742031576751,0.8970142133051701,-0.5458587275333711,-0.317772344438568,0.04126323990012346,0.23746932126567682
267,25 - 34 years old,1.0,Everything went smoothly so I currently do not have any suggestions for improvements.,m,4.0,1.0,out-of-ideas|before,1.0,66,UNDETERMINED,3,1,7,,,,,,4.0,2.0,4.0,2.0,3.0,,,,,,
268,25 - 34 years old,2.0,,m,4.0,2.0,in-the-middle|bored,2.0,620,AVOIDER,0,0,10,622,on-idle,11.0,0.0,10.0,6.0,3.0,6.0,4.0,5.0,1.310325731041135,1.10472227870403,-0.58754138687959,-0.8814105058571831,0.259161602118297,0.05806379733866999
269,35 - 44 years old,3.0,"This was fascinating, though I find the implications of the technology described a little frightening.  This is a very interesting HIT with a fair pay rate, the instructions are clear and the interface is easy to use.  A+ requester : )  Good luck with your research.",m,4.0,3.0,in-the-middle,2.0,623,SEEKER,5,0,11,,,,,,6.0,2.0,6.0,2.0,5.0,,,,,,
270,35 - 44 years old,1.0,,m,5.0,2.0,out-of-ideas|before,1.0,625,UNDETERMINED,2,0,7,,,,,,6.0,1.0,5.0,3.0,2.0,,,,,,
271,25 - 34 years old,1.0,The UI and everything was perfect!,f,5.0,1.0,out-of-ideas,1.0,624,UNDETERMINED,4,0,7,,,,,,7.0,4.0,7.0,3.0,4.0,,,,,,
272,35 - 44 years old,5.0,none thank you,m,3.0,5.0,before,5.0,627,AVOIDER,1,0,5,631,baseline,0.0,0.0,8.0,7.0,2.0,4.0,2.0,4.0,0.997550115293177,1.234121912158592,-1.951419083852899,-1.39152394125712,-0.25772751816010914,-0.050469105722354635
273,25 - 34 years old,2.0,,f,5.0,3.0,out-of-ideas,2.0,626,SEEKER,15,2,4,,,,,,6.0,1.0,5.0,1.0,1.0,,,,,,
274,18 - 24 years old,3.0,Task was complicated as I was offered minimal instructions.  The idea offered was very specific and was hard to apply.  ,m,3.0,5.0,out-of-ideas|before|in-the-middle,4.0,628,SEEKER,21,0,10,,,,,,6.0,6.0,6.0,6.0,7.0,,,,,,
275,45 - 54 years old,2.0,the inspirations were of great help,f,5.0,1.0,out-of-ideas|before,1.0,629,SEEKER,20,0,7,,,,,,6.0,1.0,5.0,2.0,2.0,,,,,,
276,18 - 24 years old,1.0,I think time is the limiting factor here. Once we have thought of the idea we have to write it down in an understandable manner which makes it take a bit long per idea.,m,5.0,3.0,before,2.0,630,UNDETERMINED,2,0,6,,,,,,7.0,5.0,7.0,3.0,7.0,,,,,,
277,35 - 44 years old,2.0,"I thought this was a lot of fun, and I'd be happy to do more brainstorming in the future.",f,5.0,1.0,out-of-ideas|in-the-middle,1.0,632,SEEKER,14,0,16,,,,,,6.0,1.0,5.0,3.0,3.0,,,,,,
278,25 - 34 years old,3.0,I think this was set up beautifully. I noticed no flaws at all and it was a lot of fun. Thanks so much. ,f,5.0,2.0,out-of-ideas,1.0,633,UNDETERMINED,3,0,3,,,,,,4.0,3.0,2.0,2.0,4.0,,,,,,
279,25 - 34 years old,1.0,,f,5.0,1.0,before,2.0,635,SEEKER,5,0,6,,,,,,7.0,2.0,5.0,1.0,5.0,,,,,,
280,25 - 34 years old,2.0,Feel free to give me more tasks.,m,4.0,4.0,before|in-the-middle,2.0,637,UNDETERMINED,2,5,8,,,,,,5.0,2.0,3.0,2.0,2.0,,,,,,
281,45 - 54 years old,1.0,thank you for the opportunity to participate in this very interesting study. I was avoiding accepting this hit because I thought I wouldn't be able to generate idea but the inspirations were so helpful and I really hope my ideas weren't too lame. I had fun thinking of different ideas. ,f,5.0,2.0,out-of-ideas|in-the-middle,1.0,639,SEEKER,14,0,6,,,,,,6.0,4.0,6.0,4.0,7.0,,,,,,
282,35 - 44 years old,2.0,"I would've liked slightly longer descriptions of the items we were brainstorming about.  Maybe that's by design to keep it open, but I wasn't sure I could exactly picture the touch-activated fabric thing.  ",m,4.0,2.0,out-of-ideas,2.0,638,AVOIDER,0,0,7,640,on-demand,5.0,0.0,7.0,6.0,2.0,5.0,6.0,3.0,0.5382089581245041,0.8924540268424891,-0.42461864854025605,-0.07901440447018501,0.056095095762350874,0.48356818977687593
283,25 - 34 years old,2.0,,m,4.0,3.0,out-of-ideas,2.0,643,SEEKER,8,5,4,,,,,,5.0,3.0,4.0,3.0,3.0,,,,,,
284,18 - 24 years old,4.0,,unknown,5.0,1.0,in-the-middle,1.0,644,SEEKER,9,0,6,,,,,,5.0,1.0,1.0,2.0,1.0,,,,,,
285,25 - 34 years old,1.0,I was pretty insecure and not so confident about my ideas. I had a hard time coming up with anything without a prompt.,f,5.0,1.0,before,3.0,648,SEEKER,14,0,5,,,,,,7.0,6.0,6.0,4.0,7.0,,,,,,
286,45 - 54 years old,2.0,"no comments, really. Good luck in your endeavors though.",m,4.0,2.0,before,2.0,647,SEEKER,5,1,5,,,,,,5.0,2.0,5.0,3.0,4.0,,,,,,
287,25 - 34 years old,1.0,,m,1.0,1.0,in-the-middle|bored,1.0,650,SEEKER,7,1,3,,,,,,7.0,1.0,7.0,1.0,1.0,,,,,,
288,35 - 44 years old,2.0,,f,2.0,1.0,out-of-ideas|in-the-middle|bored,1.0,651,SEEKER,13,3,5,,,,,,7.0,3.0,6.0,5.0,4.0,,,,,,
289,25 - 34 years old,2.0,This was a very interesting study.,m,5.0,1.0,out-of-ideas|in-the-middle,2.0,652,SEEKER,14,2,11,,,,,,6.0,1.0,2.0,3.0,2.0,,,,,,
290,25 - 34 years old,3.0,no issues,m,4.0,2.0,out-of-ideas,2.0,653,AVOIDER,1,1,5,658,on-idle,4.0,0.0,8.0,6.0,2.0,6.0,2.0,3.0,1.014665406532798,1.029087730925625,-0.5565696284657591,-0.10069653507711401,0.3636491861910485,0.5672220817555941
291,25 - 34 years old,2.0,Thanks!,m,4.0,3.0,out-of-ideas|in-the-middle,2.0,656,SEEKER,6,6,6,,,,,,5.0,2.0,5.0,3.0,2.0,,,,,,
292,35 - 44 years old,4.0,"I felt pressure to keep coming up with more and more ideas, which put a block on my thinking. Ten minutes was a long time, but at the same time not long enough.",f,3.0,1.0,in-the-middle,2.0,661,UNMOTIVATED,7,0,1,,,,,,6.0,3.0,5.0,2.0,1.0,,,,,,
293,35 - 44 years old,3.0,"The description of the technology was somewhat ambiguous, so I used the inspiration to make sure I was interpreting it correctly.  Once I was confident I'd understood the prompt, it was fun coming up with ideas.  I honestly would have preferred this be a several hour long HIT with multiple stages of idea generation, because I really enjoy this sort of work!",m,5.0,2.0,before|in-the-middle,1.0,662,UNDETERMINED,4,0,7,,,,,,6.0,1.0,6.0,2.0,5.0,,,,,,
294,35 - 44 years old,2.0,I liked the user experience the inspirations were both helpful and reassuring.,m,4.0,2.0,in-the-middle,2.0,663,SEEKER,24,0,8,,,,,,4.0,3.0,4.0,3.0,2.0,,,,,,
295,35 - 44 years old,2.0,,m,4.0,3.0,before,2.0,664,UNDETERMINED,3,2,6,,,,,,6.0,3.0,5.0,6.0,3.0,,,,,,
296,25 - 34 years old,2.0,"i would say maybe try to not have a inspiration already up, and if they want one they can have one? but maybe that would turn into ""i dont wanna look,, i can do this on my own"". just a thought tho. other than that it was great, easy, kind of fun. thanks!",m,5.0,2.0,out-of-ideas|before,1.0,665,SEEKER,19,0,12,,,,,,4.0,2.0,4.0,1.0,3.0,,,,,,
297,25 - 34 years old,2.0,,m,5.0,1.0,in-the-middle,1.0,667,UNMOTIVATED,3,1,2,,,,,,6.0,1.0,5.0,3.0,6.0,,,,,,
298,45 - 54 years old,1.0,,f,5.0,2.0,out-of-ideas,1.0,668,SEEKER,24,0,4,,,,,,6.0,3.0,5.0,2.0,4.0,,,,,,
299,25 - 34 years old,3.0,,unknown,3.0,2.0,out-of-ideas,2.0,670,SEEKER,5,0,6,,,,,,3.0,2.0,6.0,3.0,5.0,,,,,,
300,25 - 34 years old,2.0,,m,5.0,1.0,out-of-ideas|in-the-middle|bored,1.0,671,SEEKER,7,0,5,,,,,,4.0,3.0,5.0,4.0,5.0,,,,,,
301,25 - 34 years old,5.0,,m,5.0,1.0,did-not,4.0,673,UNMOTIVATED,0,1,2,,,,,,7.0,4.0,6.0,5.0,2.0,,,,,,
302,25 - 34 years old,2.0,This was actually really interesting!,f,5.0,1.0,out-of-ideas,2.0,674,SEEKER,22,0,12,,,,,,6.0,3.0,5.0,3.0,4.0,,,,,,
303,65 - 75 years old,2.0,No issues.,m,4.0,2.0,before,2.0,676,UNDETERMINED,4,0,5,,,,,,6.0,5.0,5.0,4.0,3.0,,,,,,
304,35 - 44 years old,1.0,,m,5.0,3.0,out-of-ideas,2.0,71,SEEKER,14,0,7,73,on-demand,7.0,0.0,5.0,4.0,2.0,5.0,3.0,4.0,0.7907294961947541,0.535695557995252,-1.302480898525946,-1.8397505632411861,0.053060622335814836,-0.23552938347355798
305,35 - 44 years old,2.0,I thought it went pretty smooth,m,4.0,2.0,out-of-ideas|in-the-middle,2.0,677,UNDETERMINED,2,0,7,,,,,,2.0,3.0,6.0,2.0,5.0,,,,,,
306,25 - 34 years old,1.0,,unknown,4.0,2.0,before,2.0,678,UNMOTIVATED,5,1,2,,,,,,4.0,4.0,4.0,7.0,7.0,,,,,,
307,45 - 54 years old,1.0,This was a challenging hit. It worked smoothly and it was enjoyable. I hope that I provided the results that you needed.,f,5.0,1.0,out-of-ideas|before|in-the-middle,1.0,680,SEEKER,34,0,5,,,,,,6.0,1.0,4.0,4.0,4.0,,,,,,
308,18 - 24 years old,3.0,,f,5.0,1.0,out-of-ideas|before|in-the-middle,1.0,682,UNDETERMINED,4,0,5,,,,,,6.0,3.0,6.0,3.0,4.0,,,,,,
309,25 - 34 years old,2.0,Unique and fun task! Thankyou,m,4.0,2.0,out-of-ideas,1.0,683,AVOIDER,0,7,4,685,on-idle,15.0,1.0,5.0,7.0,3.0,5.0,2.0,2.0,0.6951994034730751,0.8700586535921001,-0.32621654885628104,-0.336304969807497,0.1954525318870502,0.33333762508784526
310,45 - 54 years old,4.0,"It was difficult to come up with new ideas, it seemed like the inspirations were so well thought out and I felt like a failure because I couldn't come up with great ideas on my own.",f,5.0,1.0,out-of-ideas|before,2.0,684,SEEKER,11,0,11,,,,,,7.0,3.0,6.0,5.0,2.0,,,,,,
311,18 - 24 years old,2.0,I enjoyed this hit a lot. Gave me a chance to be creative. Was very fun and interactive. ,m,1.0,4.0,in-the-middle|did-not,5.0,686,UNDETERMINED,4,0,8,,,,,,5.0,1.0,3.0,1.0,1.0,,,,,,
312,25 - 34 years old,1.0,n/a,f,5.0,2.0,out-of-ideas|before,1.0,687,SEEKER,8,0,11,,,,,,6.0,2.0,3.0,3.0,2.0,,,,,,
313,45 - 54 years old,2.0,,m,5.0,3.0,out-of-ideas|in-the-middle,2.0,689,SEEKER,12,0,6,,,,,,2.0,6.0,6.0,2.0,3.0,,,,,,
314,25 - 34 years old,1.0,,m,5.0,2.0,before,2.0,693,SEEKER,10,2,5,,,,,,5.0,2.0,5.0,2.0,2.0,,,,,,
315,25 - 34 years old,2.0,,f,5.0,2.0,out-of-ideas|in-the-middle,1.0,688,SEEKER,9,5,13,,,,,,6.0,2.0,2.0,2.0,5.0,,,,,,
316,35 - 44 years old,4.0,Thank you!,m,4.0,5.0,did-not,2.0,691,AVOIDER,0,0,8,694,on-demand,0.0,1.0,9.0,5.0,1.0,3.0,3.0,2.0,1.166912393229508,0.9132604349282301,-0.33720427898230504,-0.30306963566780803,0.6212451787307156,0.364772056609984
317,35 - 44 years old,4.0,All was clear and worked as it should. Was interesting and fun. Thanks for the opportunity. ,m,5.0,4.0,in-the-middle,1.0,690,AVOIDER,1,3,6,692,baseline,0.0,1.0,9.0,4.0,1.0,4.0,3.0,1.0,1.463599964539692,1.317709475382977,-1.4520340688674391,-1.688382595089866,-0.07638056939865664,0.21041886399927034
318,25 - 34 years old,1.0,I find it very engaging. I love it and I look forward to more.,m,5.0,2.0,before,1.0,9,AVOIDER,1,11,4,10,on-idle,18.0,2.0,5.0,6.0,1.0,5.0,1.0,4.0,0.351362396230789,0.7036149122816551,-1.054231252832018,-0.456252851199114,-0.6369338633859161,-0.05413723904486981
319,25 - 34 years old,2.0,,f,5.0,3.0,before,1.0,696,SEEKER,14,0,6,,,,,,6.0,5.0,5.0,3.0,5.0,,,,,,
320,25 - 34 years old,2.0,"It would be nice to see any examples of how the technology, or one very similar to it, is currently used. ",f,5.0,3.0,out-of-ideas,2.0,697,UNDETERMINED,4,0,7,,,,,,6.0,4.0,5.0,2.0,5.0,,,,,,
321,25 - 34 years old,2.0,,f,1.0,1.0,out-of-ideas,1.0,698,SEEKER,8,6,5,,,,,,4.0,4.0,7.0,4.0,7.0,,,,,,
322,25 - 34 years old,3.0,"It was very challenging to come up with ideas on the spot, the inspiration made it more challenge since they were all over the place. ",f,4.0,4.0,out-of-ideas,3.0,700,UNMOTIVATED,19,2,1,,,,,,7.0,6.0,7.0,5.0,6.0,,,,,,
323,65 - 75 years old,4.0,,unknown,5.0,4.0,out-of-ideas|before|in-the-middle,2.0,703,SEEKER,6,0,3,,,,,,5.0,1.0,6.0,2.0,5.0,,,,,,
324,45 - 54 years old,1.0,"This was enjoyable. I probably could have come up with more ideas given more time, but am pleased with what I was able to contribute.",m,5.0,1.0,in-the-middle,2.0,702,SEEKER,21,0,6,,,,,,6.0,2.0,6.0,2.0,4.0,,,,,,
325,35 - 44 years old,2.0,"None, thank you. ",f,5.0,1.0,before|in-the-middle,2.0,704,SEEKER,9,0,5,,,,,,6.0,6.0,6.0,4.0,2.0,,,,,,
326,25 - 34 years old,2.0,,m,5.0,2.0,out-of-ideas,2.0,712,UNMOTIVATED,0,9,2,,,,,,6.0,2.0,7.0,4.0,3.0,,,,,,
327,25 - 34 years old,3.0,,m,5.0,3.0,before,2.0,708,AVOIDER,1,2,6,710,on-idle,4.0,4.0,9.0,6.0,1.0,6.0,7.0,4.0,1.2394525993610501,1.384604228515804,-1.059751573630192,-0.724302679905216,0.17713734860906324,0.3806083019293212
328,25 - 34 years old,4.0,This was very fun and kept my mind thinking on the task,f,2.0,4.0,out-of-ideas,4.0,77,SEEKER,18,0,12,78,on-idle,10.0,0.0,20.0,5.0,5.0,5.0,3.0,3.0,0.740560821223546,0.961856287378793,-1.583864028177823,-1.3373191795642891,-0.13337121525318507,-0.19418893689291689
329,25 - 34 years old,2.0,,f,5.0,2.0,out-of-ideas|before|in-the-middle,1.0,709,SEEKER,10,0,3,,,,,,7.0,2.0,7.0,3.0,5.0,,,,,,
330,25 - 34 years old,2.0,,m,4.0,2.0,out-of-ideas|before,2.0,713,SEEKER,14,0,7,,,,,,5.0,2.0,6.0,2.0,5.0,,,,,,
331,35 - 44 years old,2.0,,f,4.0,3.0,out-of-ideas|before|in-the-middle|bored,3.0,714,SEEKER,14,1,4,,,,,,6.0,4.0,5.0,4.0,1.0,,,,,,
332,18 - 24 years old,3.0,,unknown,3.0,2.0,out-of-ideas,3.0,715,SEEKER,12,0,5,,,,,,6.0,6.0,6.0,4.0,6.0,,,,,,
333,35 - 44 years old,1.0,That was a fun task. I just wish I had more time to come up with new ideas because once I got going ideas started to flow.,m,5.0,2.0,in-the-middle,1.0,716,SEEKER,19,0,4,,,,,,7.0,1.0,7.0,1.0,5.0,,,,,,
334,35 - 44 years old,1.0,"I was not clear at all from carefully reading the directions about what I was supposed to do.  Reading the example at the start of the experiment, clarified this fully and increased my confidence.  I looked for an example for the second part but the first part was adequate.",f,5.0,3.0,before,1.0,717,AVOIDER,1,7,9,719,baseline,0.0,8.0,11.0,3.0,2.0,4.0,3.0,3.0,1.190733255443807,0.863295338750924,-1.236336447517264,-1.1527469943364541,-0.010949640062994643,0.05015953079429154
335,35 - 44 years old,2.0,,f,5.0,1.0,in-the-middle,2.0,718,SEEKER,11,0,6,,,,,,7.0,1.0,5.0,3.0,2.0,,,,,,
336,25 - 34 years old,1.0,,f,5.0,4.0,in-the-middle,1.0,721,AVOIDER,0,0,6,725,on-demand,16.0,3.0,18.0,6.0,2.0,7.0,1.0,3.0,1.174798526016674,1.261726495741272,-1.4999159740269261,-1.666568869561728,-0.5914378314029706,-0.4722518543581583
337,25 - 34 years old,1.0,,m,5.0,1.0,before,1.0,723,UNMOTIVATED,2,0,2,,,,,,6.0,2.0,6.0,2.0,6.0,,,,,,
338,25 - 34 years old,4.0,,f,5.0,2.0,out-of-ideas,1.0,726,AVOIDER,0,1,4,729,on-idle,17.0,1.0,6.0,3.0,1.0,4.0,1.0,1.0,1.247306014789153,1.662774702650279,-1.003863622448703,-0.504741239102533,0.32327256816422123,0.2981508797348095
339,45 - 54 years old,3.0,,unknown,5.0,3.0,out-of-ideas,5.0,728,AVOIDER,1,0,4,730,baseline,0.0,0.0,9.0,3.0,1.0,2.0,2.0,1.0,1.116107544728979,0.8326062860348991,-0.8374256197444201,-0.49082635767602906,0.05101157668095166,0.1587737619115589
340,35 - 44 years old,3.0,,f,5.0,2.0,before,1.0,727,SEEKER,7,0,10,,,,,,7.0,5.0,5.0,4.0,6.0,,,,,,
341,35 - 44 years old,2.0,,m,5.0,1.0,out-of-ideas,1.0,732,SEEKER,14,0,7,,,,,,5.0,1.0,5.0,1.0,1.0,,,,,,
342,35 - 44 years old,2.0,,f,5.0,3.0,in-the-middle,1.0,733,UNDETERMINED,2,0,5,,,,,,7.0,1.0,7.0,1.0,1.0,,,,,,
343,25 - 34 years old,1.0,It was well put-together and interesting. Thank you!,f,5.0,1.0,out-of-ideas,1.0,734,SEEKER,5,0,7,,,,,,6.0,1.0,5.0,2.0,2.0,,,,,,
344,25 - 34 years old,2.0,,m,5.0,1.0,out-of-ideas|before,1.0,735,SEEKER,9,2,4,,,,,,6.0,1.0,4.0,1.0,1.0,,,,,,
345,25 - 34 years old,2.0,,f,5.0,3.0,out-of-ideas|before,2.0,736,AVOIDER,1,0,4,739,on-demand,4.0,0.0,6.0,7.0,5.0,7.0,2.0,6.0,0.614608979717671,1.182454449800858,-0.004107018857218,-0.876800092524017,0.3372711003620312,0.16161571205809203
346,45 - 54 years old,2.0,,f,4.0,1.0,in-the-middle,1.0,738,SEEKER,7,3,10,,,,,,7.0,6.0,7.0,4.0,4.0,,,,,,
347,18 - 24 years old,2.0,,m,4.0,3.0,before|in-the-middle,2.0,737,UNDETERMINED,2,2,3,,,,,,6.0,3.0,5.0,3.0,3.0,,,,,,
348,18 - 24 years old,1.0,,m,5.0,1.0,out-of-ideas,1.0,741,SEEKER,5,4,10,,,,,,5.0,6.0,7.0,5.0,1.0,,,,,,
349,25 - 34 years old,1.0,,f,5.0,1.0,out-of-ideas|before,1.0,742,SEEKER,10,0,3,,,,,,5.0,2.0,4.0,3.0,2.0,,,,,,
350,35 - 44 years old,2.0,thank you this was a pleasure,m,5.0,1.0,in-the-middle,1.0,743,SEEKER,5,8,6,,,,,,6.0,1.0,6.0,2.0,4.0,,,,,,
351,18 - 24 years old,3.0,,f,2.0,3.0,bored,3.0,747,UNDETERMINED,3,2,4,,,,,,5.0,3.0,6.0,3.0,4.0,,,,,,
352,25 - 34 years old,3.0,,f,1.0,3.0,out-of-ideas,3.0,750,UNMOTIVATED,3,1,2,,,,,,4.0,4.0,6.0,4.0,4.0,,,,,,
353,35 - 44 years old,2.0,I don't have any recommendations. I thought it was an enjoyable task. Thank you for the opportunity to participate! Best wishes with your research.,f,4.0,1.0,out-of-ideas|before|in-the-middle,2.0,748,SEEKER,5,0,10,,,,,,6.0,4.0,6.0,3.0,5.0,,,,,,
354,55 - 64 years old,2.0,I sometimes thought that my ideas were dumb and I was afraid that I would get rejected.,f,5.0,2.0,in-the-middle,1.0,749,SEEKER,9,0,6,,,,,,6.0,3.0,5.0,3.0,2.0,,,,,,
355,25 - 34 years old,1.0,none,f,5.0,1.0,out-of-ideas,1.0,751,UNDETERMINED,4,0,6,,,,,,5.0,2.0,6.0,2.0,3.0,,,,,,
356,25 - 34 years old,3.0,,f,4.0,1.0,out-of-ideas,2.0,753,SEEKER,6,1,6,,,,,,7.0,2.0,6.0,4.0,1.0,,,,,,
357,35 - 44 years old,1.0,"interesting and fun task, worked well, not technical issues at all",m,5.0,3.0,out-of-ideas|before,1.0,754,SEEKER,6,2,7,,,,,,6.0,2.0,6.0,2.0,2.0,,,,,,
358,35 - 44 years old,1.0,,m,5.0,1.0,out-of-ideas|before|in-the-middle,1.0,755,SEEKER,39,1,7,,,,,,2.0,2.0,5.0,3.0,6.0,,,,,,
359,25 - 34 years old,4.0,"Thanks, this was really fun. I'd love to do another whenever you have them! Hope you got some good info and have a great day!",f,2.0,2.0,did-not,2.0,756,AVOIDER,0,0,6,759,on-idle,3.0,0.0,11.0,5.0,1.0,3.0,3.0,5.0,1.364755660845869,0.8195487737377951,-1.379268886747806,-1.706737205714294,0.1331602366947841,-0.19468287290156197
360,18 - 24 years old,4.0,,unknown,4.0,3.0,in-the-middle,2.0,757,AVOIDER,1,4,3,761,baseline,0.0,3.0,4.0,7.0,2.0,2.0,2.0,1.0,1.193383887153741,0.628904537024174,-0.169581135649666,-0.30306963566780803,0.3966305706994498,0.23562718591735826
361,18 - 24 years old,2.0,,f,5.0,1.0,out-of-ideas|before|in-the-middle,1.0,760,SEEKER,19,0,18,,,,,,7.0,2.0,6.0,2.0,6.0,,,,,,
362,35 - 44 years old,1.0,,f,5.0,1.0,before,1.0,762,UNMOTIVATED,2,0,1,,,,,,6.0,2.0,7.0,3.0,4.0,,,,,,
363,25 - 34 years old,3.0,"I really enjoyed the hit. I think it was set up well. no comments for improvement. Thanks for the experience. I had faith in myself to come up with more ideas than I did, Im sorry that I couldn't. Hope my contribution is a help. It was fun, and a very interesting idea. I like ideas to bring people and ideas together, finding better ways to get a lot of diversity and input with out the distraction of ego, and everyone just thinking their idea is best, when the best idea is probably a mix of them.",m,2.0,1.0,out-of-ideas|before,2.0,763,SEEKER,6,0,3,,,,,,6.0,5.0,6.0,3.0,3.0,,,,,,
364,25 - 34 years old,2.0,,f,5.0,4.0,out-of-ideas|before|in-the-middle,2.0,81,UNDETERMINED,3,2,3,,,,,,3.0,3.0,5.0,6.0,3.0,,,,,,
365,25 - 34 years old,2.0,"Loved the HIT, stimulating and fun to work on.",m,4.0,1.0,out-of-ideas|in-the-middle,2.0,764,UNDETERMINED,2,0,8,,,,,,6.0,2.0,5.0,3.0,2.0,,,,,,
366,18 - 24 years old,4.0,,f,2.0,2.0,out-of-ideas|bored,3.0,765,SEEKER,10,5,3,,,,,,7.0,3.0,5.0,3.0,6.0,,,,,,
367,18 - 24 years old,1.0,"Great study! Very fun, I loved coming up with new ideas. ",m,4.0,1.0,out-of-ideas,1.0,768,SEEKER,14,33,10,,,,,,7.0,1.0,3.0,2.0,1.0,,,,,,
368,35 - 44 years old,2.0,Thank you!,unknown,4.0,3.0,out-of-ideas,3.0,772,UNDETERMINED,3,0,9,,,,,,4.0,3.0,6.0,2.0,4.0,,,,,,
369,25 - 34 years old,1.0,Thank you!,f,5.0,1.0,out-of-ideas,1.0,767,AVOIDER,0,0,5,771,on-demand,1.0,0.0,7.0,6.0,1.0,6.0,1.0,1.0,0.885195226222322,1.093842561919278,-0.766457478050629,-0.6830825973374981,0.31621859963398496,0.360264312499569
370,25 - 34 years old,2.0,thanks,m,4.0,2.0,before,2.0,773,UNMOTIVATED,0,9,2,,,,,,6.0,3.0,5.0,2.0,4.0,,,,,,
371,35 - 44 years old,3.0,,f,5.0,1.0,out-of-ideas|in-the-middle,4.0,82,UNDETERMINED,3,0,9,,,,,,6.0,5.0,6.0,5.0,7.0,,,,,,
372,35 - 44 years old,2.0,More time would have made me feel less pressure and enabled me to come up with more ideas.,f,5.0,1.0,out-of-ideas|before,1.0,774,UNDETERMINED,3,0,5,,,,,,7.0,7.0,7.0,2.0,7.0,,,,,,
373,25 - 34 years old,2.0,,m,5.0,2.0,out-of-ideas|before,1.0,776,SEEKER,8,0,8,,,,,,6.0,2.0,6.0,3.0,5.0,,,,,,
374,25 - 34 years old,1.0,I really enjoy HITs like these and I enjoy writing!,m,5.0,2.0,out-of-ideas|before|in-the-middle,1.0,777,SEEKER,9,5,4,,,,,,7.0,1.0,7.0,1.0,5.0,,,,,,
375,25 - 34 years old,3.0,,m,1.0,3.0,before|bored,3.0,780,AVOIDER,1,0,8,781,baseline,0.0,5.0,8.0,7.0,1.0,6.0,2.0,4.0,1.191309373129429,0.32188432051881805,-0.7070494993898521,-1.2802891106861969,0.10451143569258788,-0.32035549062959
376,25 - 34 years old,3.0,"I was only able to come up with 3 ideas. I'm not sure if there were a minimum amount of ideas required. If so, then please email me and I will come up with more if needed. Enjoyed!",m,5.0,2.0,out-of-ideas|in-the-middle,2.0,83,UNDETERMINED,5,13,3,,,,,,7.0,3.0,5.0,2.0,3.0,,,,,,
377,45 - 54 years old,5.0,,m,5.0,2.0,out-of-ideas,2.0,84,UNDETERMINED,2,0,9,,,,,,5.0,1.0,5.0,1.0,4.0,,,,,,
378,35 - 44 years old,4.0,,m,2.0,4.0,in-the-middle,4.0,85,UNDETERMINED,5,0,9,,,,,,6.0,3.0,6.0,2.0,3.0,,,,,,
379,35 - 44 years old,1.0,Thank you for posting this HIT. I enjoyed taking it and look forward to working on more for you in the future.,m,5.0,1.0,out-of-ideas|in-the-middle,1.0,86,UNDETERMINED,5,0,7,,,,,,7.0,1.0,5.0,2.0,1.0,,,,,,
